paper ID,use of tech paper ID,use of tech worker ID,use of tech vote,is vote accurate?,older adult paper ID,older adult worker ID,older adult vote,is older vote accurate?,,classes,GOLD INTERVENTION,GOLD USE OF TECH,GOLD OLD,GOLD SI,GOLD remote
1,1,AB66CTVQ90RCV,-1,0,1,A110KENBXU7SUJ,1,1,,INCLUDED,1,1,1,1,1
1,1,A1665VCUSZL9YT,1,1,1,A142ZRU284W9O,1,1,,INCLUDED,1,1,1,1,1
1,1,A1UE726OT3JLZ9,1,1,1,A3QX9ABC1DVMQG,-1,0,,INCLUDED,1,1,1,1,1
1,1,A2PZDX8PIK73K3,1,1,1,AT6KZZ2OTABWK,1,1,,INCLUDED,1,1,1,1,1
1,1,A3F9N2P4NUUR7S,-1,0,1,A1RO22O88I71FD,-1,0,,INCLUDED,1,1,1,1,1
2,2,A2PZDX8PIK73K3,1,1,2,A1JGZD9FUDYJ30,1,1,,INCLUDED,1,1,1,1,1
2,2,AB66CTVQ90RCV,-1,0,2,ASKV5KO5CV616,1,1,,INCLUDED,1,1,1,1,1
2,2,A36ABFLSNFESVJ,1,1,2,A1F8ZAE0P2RA8O,-1,0,,INCLUDED,1,1,1,1,1
2,2,A142ZRU284W9O,1,1,2,A1RO22O88I71FD,1,1,,INCLUDED,1,1,1,1,1
2,2,A3F9N2P4NUUR7S,-1,0,2,MISSING,1,1,,INCLUDED,1,1,1,1,1
3,3,A26699AEVYMM7N,0,1,3,A1CXAIALV3056P,-1,0,,INCLUDED,1,1,1,1,1
3,3,A1665VCUSZL9YT,1,1,3,A1QKB93D6X2TYL,-1,0,,INCLUDED,1,1,1,1,1
3,3,A1J4AZL6MZ675U,1,1,3,AT6KZZ2OTABWK,1,1,,INCLUDED,1,1,1,1,1
3,3,AB66CTVQ90RCV,1,1,3,ASKV5KO5CV616,-1,0,,INCLUDED,1,1,1,1,1
3,3,A29Y7ACFAJV9IS,1,1,3,A3HJNOCKXFOOVP,-1,0,,INCLUDED,1,1,1,1,1
4,4,A1J4AZL6MZ675U,1,1,4,AT6KZZ2OTABWK,1,1,,INCLUDED,1,1,1,1,1
4,4,A2SBISQJE2ZPJQ,1,1,4,AB66CTVQ90RCV,1,1,,INCLUDED,1,1,1,1,1
4,4,A2PZDX8PIK73K3,1,1,4,A3QX9ABC1DVMQG,1,1,,INCLUDED,1,1,1,1,1
4,4,A1UE726OT3JLZ9,1,1,4,A2SC7SYQ22RJBR,1,1,,INCLUDED,1,1,1,1,1
4,4,AB66CTVQ90RCV,-1,0,4,A110KENBXU7SUJ,0,0,,INCLUDED,1,1,1,1,1
5,5,A29Y7ACFAJV9IS,1,1,5,A2SC7SYQ22RJBR,1,1,,INCLUDED,1,1,1,1,1
5,5,AB66CTVQ90RCV,1,1,5,A1RO22O88I71FD,1,1,,INCLUDED,1,1,1,1,1
5,5,AL8NYDL4JOYL3,1,1,5,A1QKB93D6X2TYL,1,1,,INCLUDED,1,1,1,1,1
5,5,A142ZRU284W9O,1,1,5,A142ZRU284W9O,1,1,,INCLUDED,1,1,1,1,1
5,5,A1G0W1P43RTBKK,1,1,5,A224B7BAQ0MZSN,1,1,,INCLUDED,1,1,1,1,1
6,6,A10EB4B9AEZT2G,-1,0,6,AB66CTVQ90RCV,1,1,,INCLUDED,1,1,1,1,1
6,6,AM0JKZVOEOTMA,1,1,6,AT6KZZ2OTABWK,1,1,,INCLUDED,1,1,1,1,1
6,6,AB66CTVQ90RCV,1,1,6,A2416IYI3FQMAG,1,1,,INCLUDED,1,1,1,1,1
6,6,A3F9N2P4NUUR7S,1,1,6,A1RO22O88I71FD,1,1,,INCLUDED,1,1,1,1,1
6,6,A142ZRU284W9O,1,1,6,A1QKB93D6X2TYL,-1,0,,INCLUDED,1,1,1,1,1
7,7,AB66CTVQ90RCV,1,1,7,A110KENBXU7SUJ,0,0,,INCLUDED,1,1,1,1,1
7,7,A2PZDX8PIK73K3,1,1,7,A1F8ZAE0P2RA8O,1,1,,INCLUDED,1,1,1,1,1
7,7,A12KW2ANXC46MZ,1,1,7,A1QKB93D6X2TYL,1,1,,INCLUDED,1,1,1,1,1
7,7,A142ZRU284W9O,-1,0,7,A1RO22O88I71FD,-1,0,,INCLUDED,1,1,1,1,1
7,7,A29Y7ACFAJV9IS,1,1,7,MISSING,-1,0,,INCLUDED,1,1,1,1,1
8,8,AL8NYDL4JOYL3,-1,0,8,A1RO22O88I71FD,-1,0,,INCLUDED,1,1,1,1,1
8,8,A3F9N2P4NUUR7S,1,1,8,A1UE726OT3JLZ9,1,1,,INCLUDED,1,1,1,1,1
8,8,A142ZRU284W9O,0,1,8,AT6KZZ2OTABWK,1,1,,INCLUDED,1,1,1,1,1
8,8,AB66CTVQ90RCV,-1,0,8,APQMFEY1KUL6A,1,1,,INCLUDED,1,1,1,1,1
8,8,A2PZDX8PIK73K3,1,1,8,A110KENBXU7SUJ,0,0,,INCLUDED,1,1,1,1,1
9,9,A2PZDX8PIK73K3,1,1,9,A3HJNOCKXFOOVP,1,1,,INCLUDED,1,1,1,1,1
9,9,A2SBISQJE2ZPJQ,1,1,9,A2416IYI3FQMAG,1,1,,INCLUDED,1,1,1,1,1
9,9,AL8NYDL4JOYL3,1,1,9,AT6KZZ2OTABWK,1,1,,INCLUDED,1,1,1,1,1
9,9,A1UE726OT3JLZ9,1,1,9,A1RO22O88I71FD,1,1,,INCLUDED,1,1,1,1,1
9,9,AB66CTVQ90RCV,1,1,9,A2SC7SYQ22RJBR,1,1,,INCLUDED,1,1,1,1,1
10,10,AB66CTVQ90RCV,1,1,10,AT6KZZ2OTABWK,1,1,,INCLUDED,1,1,1,1,1
10,10,A1665VCUSZL9YT,1,1,10,ASKV5KO5CV616,-1,0,,INCLUDED,1,1,1,1,1
10,10,A142ZRU284W9O,1,1,10,A14NSVH4W27CK0,1,1,,INCLUDED,1,1,1,1,1
10,10,A1J4AZL6MZ675U,1,1,10,A1QKB93D6X2TYL,1,1,,INCLUDED,1,1,1,1,1
10,10,A2PZDX8PIK73K3,-1,0,10,MISSING,1,1,,INCLUDED,1,1,1,1,1
20,20,A1UE726OT3JLZ9,1,1,20,A1RO22O88I71FD,-1,0,,"no intervention, no remote, no SI",-1,1,1,,
20,20,A2PZDX8PIK73K3,1,1,20,A3QX9ABC1DVMQG,1,1,,"no intervention, no remote, no SI",-1,1,1,,
20,20,A142ZRU284W9O,1,1,20,A3HJNOCKXFOOVP,1,1,,"no intervention, no remote, no SI",-1,1,1,,
20,20,A2TTAG8NJ9EOIE,1,1,20,A1CXAIALV3056P,1,1,,"no intervention, no remote, no SI",-1,1,1,,
20,20,AB66CTVQ90RCV,1,1,20,A14NSVH4W27CK0,1,1,,"no intervention, no remote, no SI",-1,1,1,,
21,21,A142ZRU284W9O,1,1,21,AB66CTVQ90RCV,1,1,,"no intervention, no remote, no SI",-1,1,1,,
21,21,AL8NYDL4JOYL3,1,1,21,A1CXAIALV3056P,1,1,,"no intervention, no remote, no SI",-1,1,1,,
21,21,A3F9N2P4NUUR7S,1,1,21,A1RO22O88I71FD,1,1,,"no intervention, no remote, no SI",-1,1,1,,
21,21,AB66CTVQ90RCV,1,1,21,A1QKB93D6X2TYL,1,1,,"no intervention, no remote, no SI",-1,1,1,,
21,21,A2PZDX8PIK73K3,1,1,21,AT6KZZ2OTABWK,1,1,,"no intervention, no remote, no SI",-1,1,1,,
22,22,A1UE726OT3JLZ9,1,1,22,ASKV5KO5CV616,1,1,,"no intervention, no remote, no SI",-1,1,1,,
22,22,AB66CTVQ90RCV,1,1,22,A224B7BAQ0MZSN,1,1,,"no intervention, no remote, no SI",-1,1,1,,
22,22,A2PZDX8PIK73K3,1,1,22,AT6KZZ2OTABWK,-1,0,,"no intervention, no remote, no SI",-1,1,1,,
22,22,A1J4AZL6MZ675U,1,1,22,A1F8ZAE0P2RA8O,1,1,,"no intervention, no remote, no SI",-1,1,1,,
22,22,A142ZRU284W9O,0,1,22,A1CXAIALV3056P,1,1,,"no intervention, no remote, no SI",-1,1,1,,
23,23,A142ZRU284W9O,0,1,23,AB66CTVQ90RCV,1,1,,"no intervention, no remote, no SI",-1,1,1,,
23,23,A2PZDX8PIK73K3,1,1,23,A3EI4AOY9AZIQY,1,1,,"no intervention, no remote, no SI",-1,1,1,,
23,23,A3F9N2P4NUUR7S,-1,0,23,A142ZRU284W9O,1,1,,"no intervention, no remote, no SI",-1,1,1,,
23,23,AB66CTVQ90RCV,-1,0,23,A1RO22O88I71FD,-1,0,,"no intervention, no remote, no SI",-1,1,1,,
23,23,A1G0W1P43RTBKK,1,1,23,MISSING,-1,0,,"no intervention, no remote, no SI",-1,1,1,,
24,24,AM0JKZVOEOTMA,1,1,24,A1DR8T1SIVDUK8,1,1,,"no intervention, no remote, no SI",-1,1,1,,
24,24,A35K3CN8ZVW6JT,-1,0,24,A2416IYI3FQMAG,1,1,,"no intervention, no remote, no SI",-1,1,1,,
24,24,A142ZRU284W9O,1,1,24,AB66CTVQ90RCV,1,1,,"no intervention, no remote, no SI",-1,1,1,,
24,24,A2PZDX8PIK73K3,-1,0,24,A3GOI327COFGY5,1,1,,"no intervention, no remote, no SI",-1,1,1,,
24,24,AB66CTVQ90RCV,1,1,24,A1RO22O88I71FD,1,1,,"no intervention, no remote, no SI",-1,1,1,,
25,25,A2SBISQJE2ZPJQ,1,1,25,A3QX9ABC1DVMQG,1,1,,"no intervention, no SI, protocol",-1,1,1,,
25,25,A142ZRU284W9O,1,1,25,AT6KZZ2OTABWK,1,1,,"no intervention, no SI, protocol",-1,1,1,,
25,25,A2PZDX8PIK73K3,1,1,25,ASKV5KO5CV616,1,1,,"no intervention, no SI, protocol",-1,1,1,,
25,25,AB66CTVQ90RCV,1,1,25,A1RO22O88I71FD,1,1,,"no intervention, no SI, protocol",-1,1,1,,
25,25,A35K3CN8ZVW6JT,-1,0,25,A1QKB93D6X2TYL,1,1,,"no intervention, no SI, protocol",-1,1,1,,
26,26,A142ZRU284W9O,1,1,26,A1QKB93D6X2TYL,1,1,,"no intervention, no SI, protocol",-1,1,1,,
26,26,A35K3CN8ZVW6JT,1,1,26,AT6KZZ2OTABWK,0,0,,"no intervention, no SI, protocol",-1,1,1,,
26,26,A2PZDX8PIK73K3,1,1,26,A1CXAIALV3056P,-1,0,,"no intervention, no SI, protocol",-1,1,1,,
26,26,A3F9N2P4NUUR7S,0,1,26,A2416IYI3FQMAG,1,1,,"no intervention, no SI, protocol",-1,1,1,,
26,26,A2SBISQJE2ZPJQ,1,1,26,A110KENBXU7SUJ,1,1,,"no intervention, no SI, protocol",-1,1,1,,
27,27,A1J4AZL6MZ675U,1,1,27,AT6KZZ2OTABWK,1,1,,"no intervention, no SI, survey",-1,1,1,,
27,27,A29Y7ACFAJV9IS,1,1,27,A1RO22O88I71FD,-1,0,,"no intervention, no SI, survey",-1,1,1,,
27,27,AB66CTVQ90RCV,-1,0,27,A2SC7SYQ22RJBR,1,1,,"no intervention, no SI, survey",-1,1,1,,
27,27,A2QVKJW6Z11ZGD,1,1,27,A1QKB93D6X2TYL,1,1,,"no intervention, no SI, survey",-1,1,1,,
27,27,A142ZRU284W9O,1,1,27,A1JGZD9FUDYJ30,1,1,,"no intervention, no SI, survey",-1,1,1,,
28,28,A2PZDX8PIK73K3,1,1,28,A1CXAIALV3056P,1,1,,"no intervention, no SI, survey",-1,1,1,,
28,28,A142ZRU284W9O,1,1,28,AT6KZZ2OTABWK,1,1,,"no intervention, no SI, survey",-1,1,1,,
28,28,AL8NYDL4JOYL3,-1,0,28,A3QX9ABC1DVMQG,-1,0,,"no intervention, no SI, survey",-1,1,1,,
28,28,AB66CTVQ90RCV,1,1,28,A142ZRU284W9O,0,0,,"no intervention, no SI, survey",-1,1,1,,
28,28,A29Y7ACFAJV9IS,1,1,28,A1RO22O88I71FD,-1,0,,"no intervention, no SI, survey",-1,1,1,,
29,29,A19NJB3QC1XU2C,1,0,29,AT6KZZ2OTABWK,-1,0,,"no intervention, no tech, no remote, no SI",-1,-1,1,,
29,29,A142ZRU284W9O,1,0,29,A1QKB93D6X2TYL,1,1,,"no intervention, no tech, no remote, no SI",-1,-1,1,,
29,29,A35K3CN8ZVW6JT,1,0,29,A1RO22O88I71FD,1,1,,"no intervention, no tech, no remote, no SI",-1,-1,1,,
29,29,A1G0W1P43RTBKK,1,0,29,A142ZRU284W9O,1,1,,"no intervention, no tech, no remote, no SI",-1,-1,1,,
29,29,A2OK8X7F8VQFGG,1,0,29,A110KENBXU7SUJ,1,1,,"no intervention, no tech, no remote, no SI",-1,-1,1,,
30,30,A1UE726OT3JLZ9,1,0,30,AT6KZZ2OTABWK,0,0,,"no intervention, no tech, no remote, no SI, survey",-1,-1,1,,
30,30,AB66CTVQ90RCV,-1,1,30,A1QKB93D6X2TYL,1,1,,"no intervention, no tech, no remote, no SI, survey",-1,-1,1,,
30,30,A142ZRU284W9O,1,0,30,A3HJNOCKXFOOVP,1,1,,"no intervention, no tech, no remote, no SI, survey",-1,-1,1,,
30,30,A2PZDX8PIK73K3,-1,1,30,A1S3GKL6QIS58S,1,1,,"no intervention, no tech, no remote, no SI, survey",-1,-1,1,,
30,30,A35K3CN8ZVW6JT,-1,1,30,MISSING,1,1,,"no intervention, no tech, no remote, no SI, survey",-1,-1,1,,
31,31,AL8NYDL4JOYL3,1,0,31,A1RO22O88I71FD,-1,0,,"no intervention, no tech, no remote, no SI",-1,-1,1,,
31,31,A142ZRU284W9O,1,0,31,AT6KZZ2OTABWK,1,1,,"no intervention, no tech, no remote, no SI",-1,-1,1,,
31,31,A26699AEVYMM7N,-1,1,31,A2SC7SYQ22RJBR,1,1,,"no intervention, no tech, no remote, no SI",-1,-1,1,,
31,31,AB66CTVQ90RCV,-1,1,31,A1QKB93D6X2TYL,1,1,,"no intervention, no tech, no remote, no SI",-1,-1,1,,
31,31,A2PZDX8PIK73K3,1,0,31,A1CXAIALV3056P,1,1,,"no intervention, no tech, no remote, no SI",-1,-1,1,,
32,32,A2OK8X7F8VQFGG,0,0,32,A142ZRU284W9O,1,1,,"no intervention, no tech, no remote, no SI",-1,-1,1,,
32,32,A142ZRU284W9O,-1,1,32,A1QKB93D6X2TYL,1,1,,"no intervention, no tech, no remote, no SI",-1,-1,1,,
32,32,AB66CTVQ90RCV,-1,1,32,A1RO22O88I71FD,-1,0,,"no intervention, no tech, no remote, no SI",-1,-1,1,,
32,32,A2PZDX8PIK73K3,-1,1,32,AT6KZZ2OTABWK,1,1,,"no intervention, no tech, no remote, no SI",-1,-1,1,,
32,32,A26699AEVYMM7N,0,0,32,A20FCMI1MPEEJN,0,0,,"no intervention, no tech, no remote, no SI",-1,-1,1,,
33,33,A142ZRU284W9O,1,0,33,A1QKB93D6X2TYL,1,1,,"no intervention, no tech, no remote, no SI",-1,-1,1,,
33,33,A29Y7ACFAJV9IS,1,0,33,A1RO22O88I71FD,1,1,,"no intervention, no tech, no remote, no SI",-1,-1,1,,
33,33,AB66CTVQ90RCV,1,0,33,A3QX9ABC1DVMQG,1,1,,"no intervention, no tech, no remote, no SI",-1,-1,1,,
33,33,A2PZDX8PIK73K3,1,0,33,A2416IYI3FQMAG,1,1,,"no intervention, no tech, no remote, no SI",-1,-1,1,,
33,33,A36ABFLSNFESVJ,1,0,33,A224B7BAQ0MZSN,1,1,,"no intervention, no tech, no remote, no SI",-1,-1,1,,
46,46,AB66CTVQ90RCV,1,1,46,A142ZRU284W9O,1,1,,no SI,1,1,1,,
46,46,A2PZDX8PIK73K3,1,1,46,A1RO22O88I71FD,-1,0,,no SI,1,1,1,,
46,46,A1665VCUSZL9YT,0,1,46,A1JGZD9FUDYJ30,1,1,,no SI,1,1,1,,
46,46,A19NJB3QC1XU2C,1,1,46,AB66CTVQ90RCV,1,1,,no SI,1,1,1,,
46,46,A35K3CN8ZVW6JT,1,1,46,AT6KZZ2OTABWK,-1,0,,no SI,1,1,1,,
47,47,A2PZDX8PIK73K3,1,1,47,A2PZDX8PIK73K3,1,1,,no SI,1,1,1,,
47,47,A3F9N2P4NUUR7S,-1,0,47,A142ZRU284W9O,1,1,,no SI,1,1,1,,
47,47,AB66CTVQ90RCV,1,1,47,A1RO22O88I71FD,-1,0,,no SI,1,1,1,,
47,47,A1UE726OT3JLZ9,1,1,47,A3HJNOCKXFOOVP,1,1,,no SI,1,1,1,,
47,47,A142ZRU284W9O,1,1,47,A1QKB93D6X2TYL,1,1,,no SI,1,1,1,,
48,48,A1J4AZL6MZ675U,1,1,48,A2416IYI3FQMAG,1,1,,no SI,1,1,1,,
48,48,AL8NYDL4JOYL3,1,1,48,A1QKB93D6X2TYL,1,1,,no SI,1,1,1,,
48,48,A2PZDX8PIK73K3,1,1,48,AT6KZZ2OTABWK,1,1,,no SI,1,1,1,,
48,48,A142ZRU284W9O,1,1,48,A3HJNOCKXFOOVP,1,1,,no SI,1,1,1,,
48,48,A3F9N2P4NUUR7S,-1,0,48,A1UE726OT3JLZ9,1,1,,no SI,1,1,1,,
49,49,A1UE726OT3JLZ9,1,1,49,A3HJNOCKXFOOVP,1,1,,no SI,1,1,1,,
49,49,A2PZDX8PIK73K3,-1,0,49,A1RO22O88I71FD,-1,0,,no SI,1,1,1,,
49,49,AB66CTVQ90RCV,1,1,49,A1QKB93D6X2TYL,1,1,,no SI,1,1,1,,
49,49,A142ZRU284W9O,1,1,49,AB66CTVQ90RCV,1,1,,no SI,1,1,1,,
49,49,A29Y7ACFAJV9IS,1,1,49,A2PZDX8PIK73K3,1,1,,no SI,1,1,1,,
50,50,A142ZRU284W9O,1,1,50,A3GVKB5XT6G8M4,-1,0,,no SI,1,1,1,,
50,50,A2SBISQJE2ZPJQ,1,1,50,A1RO22O88I71FD,-1,0,,no SI,1,1,1,,
50,50,AB66CTVQ90RCV,1,1,50,AT6KZZ2OTABWK,-1,0,,no SI,1,1,1,,
50,50,A2PZDX8PIK73K3,1,1,50,A3QX9ABC1DVMQG,1,1,,no SI,1,1,1,,
50,50,A1J4AZL6MZ675U,1,1,50,A14NSVH4W27CK0,1,1,,no SI,1,1,1,,
51,51,A142ZRU284W9O,1,1,51,A20FCMI1MPEEJN,1,1,,no SI,1,1,1,,
51,51,AB66CTVQ90RCV,-1,0,51,A1JGZD9FUDYJ30,1,1,,no SI,1,1,1,,
51,51,A2PZDX8PIK73K3,1,1,51,A110KENBXU7SUJ,1,1,,no SI,1,1,1,,
51,51,A3F9N2P4NUUR7S,1,1,51,A1RO22O88I71FD,-1,0,,no SI,1,1,1,,
51,51,A1J4AZL6MZ675U,1,1,52,A1QKB93D6X2TYL,1,1,,no SI,1,1,1,,
52,52,A142ZRU284W9O,1,1,52,A2SC7SYQ22RJBR,1,1,,no SI,1,1,1,,
52,52,A2QVKJW6Z11ZGD,1,1,52,AB66CTVQ90RCV,1,1,,no SI,1,1,1,,
52,52,AB66CTVQ90RCV,-1,0,52,A142ZRU284W9O,1,1,,no SI,1,1,1,,
52,52,A2OK8X7F8VQFGG,1,1,52,A2Z596CRYWL6XC,1,1,,no SI,1,1,1,,
52,52,APV0K0H4L16M0,1,1,52,MISSING,1,1,,no SI,1,1,1,,
66,66,A2PZDX8PIK73K3,1,1,66,A1UE726OT3JLZ9,1,1,,"no SI, no intervention",-1,1,1,,
66,66,A2SBISQJE2ZPJQ,1,1,66,A142ZRU284W9O,1,1,,"no SI, no intervention",-1,1,1,,
66,66,AB66CTVQ90RCV,1,1,66,AB66CTVQ90RCV,1,1,,"no SI, no intervention",-1,1,1,,
66,66,A2Z596CRYWL6XC,1,1,66,A1QKB93D6X2TYL,1,1,,"no SI, no intervention",-1,1,1,,
66,66,A1665VCUSZL9YT,-1,0,66,AT6KZZ2OTABWK,1,1,,"no SI, no intervention",-1,1,1,,
67,67,A142ZRU284W9O,1,1,67,A14NSVH4W27CK0,1,1,,"no SI, no intervention",-1,1,1,,
67,67,A2PZDX8PIK73K3,1,1,67,AB66CTVQ90RCV,1,1,,"no SI, no intervention",-1,1,1,,
67,67,AB66CTVQ90RCV,1,1,67,A3HJNOCKXFOOVP,1,1,,"no SI, no intervention",-1,1,1,,
67,67,AM0JKZVOEOTMA,1,1,67,A1QKB93D6X2TYL,1,1,,"no SI, no intervention",-1,1,1,,
67,67,A29Y7ACFAJV9IS,1,1,67,A1RO22O88I71FD,-1,0,,"no SI, no intervention",-1,1,1,,
68,68,A2PZDX8PIK73K3,1,1,68,A142ZRU284W9O,1,1,,"no SI, no intervention",-1,1,1,,
68,68,A1665VCUSZL9YT,1,1,68,ALV7XBE1ZGD93,1,1,,"no SI, no intervention",-1,1,1,,
68,68,AB66CTVQ90RCV,1,1,68,A3QX9ABC1DVMQG,1,1,,"no SI, no intervention",-1,1,1,,
68,68,A29Y7ACFAJV9IS,-1,0,68,A1RO22O88I71FD,1,1,,"no SI, no intervention",-1,1,1,,
68,68,A2Z596CRYWL6XC,1,1,68,A110KENBXU7SUJ,-1,0,,"no SI, no intervention",-1,1,1,,
69,69,AB66CTVQ90RCV,-1,0,69,A1QKB93D6X2TYL,1,1,,"no SI, no intervention",-1,1,1,,
69,69,A142ZRU284W9O,-1,0,69,AT6KZZ2OTABWK,1,1,,"no SI, no intervention",-1,1,1,,
69,69,APV0K0H4L16M0,1,1,69,A3GOI327COFGY5,1,1,,"no SI, no intervention",-1,1,1,,
69,69,A2PZDX8PIK73K3,-1,0,69,A110KENBXU7SUJ,1,1,,"no SI, no intervention",-1,1,1,,
69,69,A29Y7ACFAJV9IS,-1,0,69,A1CXAIALV3056P,1,1,,"no SI, no intervention",-1,1,1,,
70,70,A142ZRU284W9O,1,1,70,A1QKB93D6X2TYL,1,1,,"no SI, no intervention",-1,1,1,,
70,70,AB66CTVQ90RCV,1,1,70,A1CXAIALV3056P,-1,0,,"no SI, no intervention",-1,1,1,,
70,70,A2PZDX8PIK73K3,-1,0,70,A1F8ZAE0P2RA8O,1,1,,"no SI, no intervention",-1,1,1,,
70,70,APV0K0H4L16M0,1,1,70,AT6KZZ2OTABWK,1,1,,"no SI, no intervention",-1,1,1,,
70,70,A1J4AZL6MZ675U,1,1,70,A1RO22O88I71FD,1,1,,"no SI, no intervention",-1,1,1,,
71,71,A1665VCUSZL9YT,1,1,71,A1JGZD9FUDYJ30,1,1,,"no SI, no intervention",-1,1,1,,
71,71,AB66CTVQ90RCV,-1,0,71,A1QKB93D6X2TYL,1,1,,"no SI, no intervention",-1,1,1,,
71,71,A2PZDX8PIK73K3,1,1,71,A1CXAIALV3056P,0,0,,"no SI, no intervention",-1,1,1,,
71,71,A142ZRU284W9O,1,1,71,A1RO22O88I71FD,1,1,,"no SI, no intervention",-1,1,1,,
71,71,A1UE726OT3JLZ9,1,1,71,A110KENBXU7SUJ,1,1,,"no SI, no intervention",-1,1,1,,
72,72,A142ZRU284W9O,1,1,72,A2416IYI3FQMAG,-1,0,,"no SI, no intervention",-1,1,1,,
72,72,A2MO0MCFPWXYS7,-1,0,72,APQMFEY1KUL6A,1,1,,"no SI, no intervention",-1,1,1,,
72,72,A29Y7ACFAJV9IS,1,1,72,A2SC7SYQ22RJBR,0,0,,"no SI, no intervention",-1,1,1,,
72,72,A1G0W1P43RTBKK,1,1,72,A1F8ZAE0P2RA8O,1,1,,"no SI, no intervention",-1,1,1,,
72,72,AB66CTVQ90RCV,1,1,72,A1QKB93D6X2TYL,1,1,,"no SI, no intervention",-1,1,1,,
73,73,A1665VCUSZL9YT,1,1,73,A224B7BAQ0MZSN,1,1,,"no SI, no intervention",-1,1,1,,
73,73,A2SBISQJE2ZPJQ,1,1,73,AT6KZZ2OTABWK,0,0,,"no SI, no intervention",-1,1,1,,
73,73,A142ZRU284W9O,-1,0,73,A1F8ZAE0P2RA8O,1,1,,"no SI, no intervention",-1,1,1,,
73,73,AB66CTVQ90RCV,1,1,73,A1RO22O88I71FD,-1,0,,"no SI, no intervention",-1,1,1,,
73,73,A19NJB3QC1XU2C,1,1,73,MISSING,1,1,,"no SI, no intervention",-1,1,1,,
74,74,AB66CTVQ90RCV,1,1,74,AB66CTVQ90RCV,1,1,,"no SI, no intervention",-1,1,1,,
74,74,A2PZDX8PIK73K3,1,1,74,AT6KZZ2OTABWK,-1,0,,"no SI, no intervention",-1,1,1,,
74,74,A142ZRU284W9O,1,1,74,A1UE726OT3JLZ9,1,1,,"no SI, no intervention",-1,1,1,,
74,74,A19NJB3QC1XU2C,1,1,74,A1RO22O88I71FD,1,1,,"no SI, no intervention",-1,1,1,,
74,74,APV0K0H4L16M0,1,1,74,A1F8ZAE0P2RA8O,1,1,,"no SI, no intervention",-1,1,1,,
75,75,A142ZRU284W9O,1,1,75,A3QX9ABC1DVMQG,-1,0,,"no SI, no intervention",-1,1,1,,
75,75,A2PZDX8PIK73K3,1,1,75,A1QKB93D6X2TYL,1,1,,"no SI, no intervention",-1,1,1,,
75,75,A1J4AZL6MZ675U,1,1,75,A142ZRU284W9O,-1,0,,"no SI, no intervention",-1,1,1,,
75,75,AB66CTVQ90RCV,1,1,75,AT6KZZ2OTABWK,-1,0,,"no SI, no intervention",-1,1,1,,
75,75,A2MO0MCFPWXYS7,1,1,75,A1RO22O88I71FD,1,1,,"no SI, no intervention",-1,1,1,,
89,89,A142ZRU284W9O,-1,1,89,A1QKB93D6X2TYL,1,1,,no tech,1,-1,1,,
89,89,A2QVKJW6Z11ZGD,0,0,89,A1RO22O88I71FD,-1,0,,no tech,1,-1,1,,
89,89,AL8NYDL4JOYL3,-1,1,89,A2SC7SYQ22RJBR,1,1,,no tech,1,-1,1,,
89,89,A2PZDX8PIK73K3,-1,1,89,A2416IYI3FQMAG,0,0,,no tech,1,-1,1,,
89,89,AB66CTVQ90RCV,-1,1,89,A1F8ZAE0P2RA8O,-1,0,,no tech,1,-1,1,,
90,90,A2SBISQJE2ZPJQ,1,0,90,A142ZRU284W9O,1,1,,no tech,1,-1,1,,
90,90,AB66CTVQ90RCV,-1,1,90,AT6KZZ2OTABWK,1,1,,no tech,1,-1,1,,
90,90,A12KW2ANXC46MZ,1,0,90,A2PZDX8PIK73K3,1,1,,no tech,1,-1,1,,
90,90,A1665VCUSZL9YT,-1,1,90,A1RO22O88I71FD,-1,0,,no tech,1,-1,1,,
90,90,A2PZDX8PIK73K3,-1,1,90,A2SC7SYQ22RJBR,1,1,,no tech,1,-1,1,,
91,91,A12KW2ANXC46MZ,1,0,91,A1QKB93D6X2TYL,1,1,,no tech,1,-1,1,,
91,91,AB66CTVQ90RCV,-1,1,91,A224B7BAQ0MZSN,1,1,,no tech,1,-1,1,,
91,91,A2PZDX8PIK73K3,-1,1,91,AT6KZZ2OTABWK,1,1,,no tech,1,-1,1,,
91,91,A142ZRU284W9O,-1,1,91,A3HJNOCKXFOOVP,1,1,,no tech,1,-1,1,,
91,91,A1UE726OT3JLZ9,-1,1,91,A2Z596CRYWL6XC,0,0,,no tech,1,-1,1,,
92,92,AB66CTVQ90RCV,-1,1,92,AB66CTVQ90RCV,1,1,,no tech,1,-1,1,,
92,92,A2PZDX8PIK73K3,-1,1,92,AT6KZZ2OTABWK,0,0,,no tech,1,-1,1,,
92,92,A1J4AZL6MZ675U,-1,1,92,A1QKB93D6X2TYL,1,1,,no tech,1,-1,1,,
92,92,A142ZRU284W9O,-1,1,92,A1UE726OT3JLZ9,-1,0,,no tech,1,-1,1,,
92,92,A3F9N2P4NUUR7S,-1,1,92,A1JGZD9FUDYJ30,0,0,,no tech,1,-1,1,,
93,93,AB66CTVQ90RCV,-1,1,93,A110KENBXU7SUJ,1,1,,no tech,1,-1,1,,
93,93,A2PZDX8PIK73K3,-1,1,93,AT6KZZ2OTABWK,1,1,,no tech,1,-1,1,,
93,93,AL8NYDL4JOYL3,-1,1,93,A142ZRU284W9O,-1,0,,no tech,1,-1,1,,
93,93,A35K3CN8ZVW6JT,-1,1,93,A1UE726OT3JLZ9,1,1,,no tech,1,-1,1,,
93,93,A142ZRU284W9O,-1,1,93,A2Z596CRYWL6XC,1,1,,no tech,1,-1,1,,
94,94,A26699AEVYMM7N,1,0,94,A3HJNOCKXFOOVP,1,1,,no tech,1,-1,1,,
94,94,A12KW2ANXC46MZ,1,0,94,A1RO22O88I71FD,1,1,,no tech,1,-1,1,,
94,94,A3F9N2P4NUUR7S,0,0,94,AT6KZZ2OTABWK,1,1,,no tech,1,-1,1,,
94,94,AB66CTVQ90RCV,-1,1,94,A1QKB93D6X2TYL,1,1,,no tech,1,-1,1,,
94,94,A1UE726OT3JLZ9,-1,1,94,A1JGZD9FUDYJ30,1,1,,no tech,1,-1,1,,
95,95,A2SBISQJE2ZPJQ,1,0,95,A1CXAIALV3056P,1,1,,no tech,1,-1,1,,
95,95,A2PZDX8PIK73K3,-1,1,95,A1QKB93D6X2TYL,1,1,,no tech,1,-1,1,,
95,95,AB66CTVQ90RCV,-1,1,95,ASKV5KO5CV616,-1,0,,no tech,1,-1,1,,
95,95,A26699AEVYMM7N,1,0,95,A3QX9ABC1DVMQG,1,1,,no tech,1,-1,1,,
95,95,A2R8IV2PWFTY00,-1,1,95,A3HJNOCKXFOOVP,1,1,,no tech,1,-1,1,,
96,96,A1665VCUSZL9YT,1,0,96,AT6KZZ2OTABWK,1,1,,no tech,1,-1,1,,
96,96,A1UE726OT3JLZ9,-1,1,96,A1RO22O88I71FD,-1,0,,no tech,1,-1,1,,
96,96,AB66CTVQ90RCV,-1,1,96,AB66CTVQ90RCV,1,1,,no tech,1,-1,1,,
96,96,A1G0W1P43RTBKK,1,0,96,A2UMOQCJHA841L,1,1,,no tech,1,-1,1,,
96,96,A2SBISQJE2ZPJQ,1,0,96,A110KENBXU7SUJ,1,1,,no tech,1,-1,1,,
97,97,A1J4AZL6MZ675U,1,0,97,A1RO22O88I71FD,1,1,,no tech,1,-1,1,,
97,97,AB66CTVQ90RCV,-1,1,97,A3HJNOCKXFOOVP,1,1,,no tech,1,-1,1,,
97,97,A142ZRU284W9O,1,0,97,A2416IYI3FQMAG,1,1,,no tech,1,-1,1,,
97,97,A2SBISQJE2ZPJQ,1,0,97,A3QX9ABC1DVMQG,-1,0,,no tech,1,-1,1,,
97,97,A1G0W1P43RTBKK,1,0,97,A1QKB93D6X2TYL,1,1,,no tech,1,-1,1,,
98,98,A142ZRU284W9O,-1,1,98,A3QX9ABC1DVMQG,1,1,,no tech,1,-1,1,,
98,98,AB66CTVQ90RCV,-1,1,98,A224B7BAQ0MZSN,1,1,,no tech,1,-1,1,,
98,98,A1J4AZL6MZ675U,-1,1,98,A1RO22O88I71FD,-1,0,,no tech,1,-1,1,,
98,98,A2PZDX8PIK73K3,-1,1,98,A142ZRU284W9O,1,1,,no tech,1,-1,1,,
98,98,A10EB4B9AEZT2G,1,0,98,AT6KZZ2OTABWK,1,1,,no tech,1,-1,1,,
99,99,A1CXAIALV3056P,1,0,99,A224B7BAQ0MZSN,1,1,,no tech,1,-1,1,,
99,99,AB66CTVQ90RCV,-1,1,99,A1RO22O88I71FD,-1,0,,no tech,1,-1,1,,
99,99,A3F9N2P4NUUR7S,1,0,99,A2416IYI3FQMAG,1,1,,no tech,1,-1,1,,
99,99,A1665VCUSZL9YT,-1,1,99,A1QKB93D6X2TYL,1,1,,no tech,1,-1,1,,
99,99,AL8NYDL4JOYL3,1,0,99,A110KENBXU7SUJ,1,1,,no tech,1,-1,1,,
100,100,A2PZDX8PIK73K3,-1,1,100,A1QKB93D6X2TYL,1,1,,no tech,1,-1,1,,
100,100,AB66CTVQ90RCV,-1,1,100,A1CXAIALV3056P,1,1,,no tech,1,-1,1,,
100,100,A1G0W1P43RTBKK,1,0,100,A1RO22O88I71FD,0,0,,no tech,1,-1,1,,
100,100,A2SBISQJE2ZPJQ,1,0,100,APQMFEY1KUL6A,1,1,,no tech,1,-1,1,,
100,100,A142ZRU284W9O,-1,1,100,MISSING,1,1,,no tech,1,-1,1,,
101,101,A142ZRU284W9O,-1,1,101,A1RO22O88I71FD,1,1,,no tech,1,-1,1,,
101,101,A1G0W1P43RTBKK,1,0,101,A110KENBXU7SUJ,0,0,,no tech,1,-1,1,,
101,101,A1J4AZL6MZ675U,-1,1,101,ASKV5KO5CV616,1,1,,no tech,1,-1,1,,
101,101,AB66CTVQ90RCV,-1,1,101,A2SC7SYQ22RJBR,1,1,,no tech,1,-1,1,,
101,101,A36ABFLSNFESVJ,-1,1,101,A3QX9ABC1DVMQG,1,1,,no tech,1,-1,1,,
102,102,A2PZDX8PIK73K3,-1,1,102,A1RO22O88I71FD,-1,0,,no tech,1,-1,1,,
102,102,A2MO0MCFPWXYS7,1,0,102,A1UE726OT3JLZ9,1,1,,no tech,1,-1,1,,
102,102,A1J4AZL6MZ675U,-1,1,102,A3HJNOCKXFOOVP,1,1,,no tech,1,-1,1,,
102,102,A1G0W1P43RTBKK,1,0,102,A1QKB93D6X2TYL,1,1,,no tech,1,-1,1,,
102,102,A142ZRU284W9O,-1,1,102,AT6KZZ2OTABWK,1,1,,no tech,1,-1,1,,
222,222,A1J4AZL6MZ675U,1,1,222,A2416IYI3FQMAG,1,1,,not OA,1,1,-1,,
222,222,A2PZDX8PIK73K3,1,1,222,AT6KZZ2OTABWK,-1,0,,not OA,1,1,-1,,
222,222,A1G0W1P43RTBKK,-1,0,222,A3HJNOCKXFOOVP,1,1,,not OA,1,1,-1,,
222,222,AB66CTVQ90RCV,1,1,222,A1RO22O88I71FD,1,1,,not OA,1,1,-1,,
222,222,A2SBISQJE2ZPJQ,1,1,222,A1CXAIALV3056P,-1,0,,not OA,1,1,-1,,
223,223,A1J4AZL6MZ675U,1,1,223,A2Z596CRYWL6XC,-1,0,,not OA,1,1,-1,,
223,223,A2SBISQJE2ZPJQ,1,1,223,A110KENBXU7SUJ,-1,0,,not OA,1,1,-1,,
223,223,A1G0W1P43RTBKK,1,1,223,A2SC7SYQ22RJBR,-1,0,,not OA,1,1,-1,,
223,223,AB66CTVQ90RCV,1,1,223,A3HJNOCKXFOOVP,-1,0,,not OA,1,1,-1,,
223,223,A142ZRU284W9O,1,1,223,A1JGZD9FUDYJ30,-1,0,,not OA,1,1,-1,,
224,224,A2PZDX8PIK73K3,-1,0,224,A31XNLA9REVGXL,-1,0,,not OA,1,1,-1,,
224,224,AB66CTVQ90RCV,-1,0,224,AT6KZZ2OTABWK,-1,0,,not OA,1,1,-1,,
224,224,A12KW2ANXC46MZ,1,1,224,A142ZRU284W9O,-1,0,,not OA,1,1,-1,,
224,224,A1UE726OT3JLZ9,-1,0,224,A1RO22O88I71FD,1,1,,not OA,1,1,-1,,
224,224,A1665VCUSZL9YT,1,1,224,A3QX9ABC1DVMQG,-1,0,,not OA,1,1,-1,,
225,225,AB66CTVQ90RCV,-1,1,225,ASKV5KO5CV616,1,1,,"not OA, no tech",1,-1,-1,,
225,225,A35K3CN8ZVW6JT,-1,1,225,A3HJNOCKXFOOVP,-1,0,,"not OA, no tech",1,-1,-1,,
225,225,A3F9N2P4NUUR7S,1,0,225,A2416IYI3FQMAG,-1,0,,"not OA, no tech",1,-1,-1,,
225,225,A2SBISQJE2ZPJQ,1,0,225,A1RO22O88I71FD,-1,0,,"not OA, no tech",1,-1,-1,,
225,225,A2PZDX8PIK73K3,-1,1,225,A1UE726OT3JLZ9,1,1,,"not OA, no tech",1,-1,-1,,
226,226,A2PZDX8PIK73K3,-1,1,226,A1UE726OT3JLZ9,-1,0,,"not OA, no tech",1,-1,-1,,
226,226,AB66CTVQ90RCV,-1,1,226,A110KENBXU7SUJ,1,1,,"not OA, no tech",1,-1,-1,,
226,226,A142ZRU284W9O,-1,1,226,A1RO22O88I71FD,-1,0,,"not OA, no tech",1,-1,-1,,
226,226,A29Y7ACFAJV9IS,-1,1,226,A1QKB93D6X2TYL,1,1,,"not OA, no tech",1,-1,-1,,
226,226,A2T7Z31RGRHYA4,-1,1,226,AT6KZZ2OTABWK,0,0,,"not OA, no tech",1,-1,-1,,
279,279,A35K3CN8ZVW6JT,-1,1,279,A110KENBXU7SUJ,-1,0,,"not SI, no tech",1,-1,1,,
279,279,AB66CTVQ90RCV,-1,1,279,A2416IYI3FQMAG,1,1,,"not SI, no tech",1,-1,1,,
279,279,A1J4AZL6MZ675U,-1,1,279,A3QX9ABC1DVMQG,1,1,,"not SI, no tech",1,-1,1,,
279,279,A2Z596CRYWL6XC,-1,1,279,A1RO22O88I71FD,1,1,,"not SI, no tech",1,-1,1,,
279,279,A36ABFLSNFESVJ,-1,1,279,AB66CTVQ90RCV,1,1,,"not SI, no tech",1,-1,1,,
280,280,A2OK8X7F8VQFGG,-1,1,280,A110KENBXU7SUJ,1,1,,"not SI, no tech",1,-1,1,,
280,280,APV0K0H4L16M0,-1,1,280,A3HJNOCKXFOOVP,1,1,,"not SI, no tech",1,-1,1,,
280,280,A2PZDX8PIK73K3,-1,1,280,A1CXAIALV3056P,0,0,,"not SI, no tech",1,-1,1,,
280,280,A2JLU8XYHVY2ZP,1,0,280,A1RO22O88I71FD,-1,0,,"not SI, no tech",1,-1,1,,
280,280,AB66CTVQ90RCV,-1,1,280,A2SC7SYQ22RJBR,1,1,,"not SI, no tech",1,-1,1,,
281,281,A2SBISQJE2ZPJQ,1,0,281,A3HJNOCKXFOOVP,-1,0,,"not SI, no tech",1,-1,1,,
281,281,A2PZDX8PIK73K3,-1,1,281,A1CXAIALV3056P,-1,0,,"not SI, no tech",1,-1,1,,
281,281,AL8NYDL4JOYL3,-1,1,281,A1QKB93D6X2TYL,1,1,,"not SI, no tech",1,-1,1,,
281,281,A142ZRU284W9O,-1,1,281,AB66CTVQ90RCV,1,1,,"not SI, no tech",1,-1,1,,
281,281,A1J4AZL6MZ675U,-1,1,281,A142ZRU284W9O,-1,0,,"not SI, no tech",1,-1,1,,
282,282,A2SBISQJE2ZPJQ,1,0,282,A2416IYI3FQMAG,1,1,,"not SI, no tech",1,-1,1,,
282,282,AB66CTVQ90RCV,-1,1,282,A36VA1TSX3RYED,1,1,,"not SI, no tech",1,-1,1,,
282,282,A2PZDX8PIK73K3,-1,1,282,A1RO22O88I71FD,0,0,,"not SI, no tech",1,-1,1,,
282,282,ACMT1IYYT6DO3,0,0,282,A1UE726OT3JLZ9,1,1,,"not SI, no tech",1,-1,1,,
282,282,A142ZRU284W9O,-1,1,282,AT6KZZ2OTABWK,1,1,,"not SI, no tech",1,-1,1,,
283,283,AB66CTVQ90RCV,-1,1,283,A3GOI327COFGY5,1,1,,"not SI, no tech",1,-1,1,,
283,283,A26699AEVYMM7N,0,0,283,A224B7BAQ0MZSN,1,1,,"not SI, no tech",1,-1,1,,
283,283,A2PZDX8PIK73K3,-1,1,283,ASKV5KO5CV616,1,1,,"not SI, no tech",1,-1,1,,
283,283,A1UE726OT3JLZ9,-1,1,283,A3HJNOCKXFOOVP,1,1,,"not SI, no tech",1,-1,1,,
283,283,A12KW2ANXC46MZ,1,0,283,A1RO22O88I71FD,-1,0,,"not SI, no tech",1,-1,1,,
284,284,AB66CTVQ90RCV,-1,1,284,A1QKB93D6X2TYL,1,1,,"not SI, no tech",1,-1,1,,
284,284,A1J4AZL6MZ675U,-1,1,284,A2SC7SYQ22RJBR,1,1,,"not SI, no tech",1,-1,1,,
284,284,A2PZDX8PIK73K3,-1,1,284,A142ZRU284W9O,1,1,,"not SI, no tech",1,-1,1,,
284,284,A142ZRU284W9O,-1,1,284,AT6KZZ2OTABWK,1,1,,"not SI, no tech",1,-1,1,,
284,284,A2SBISQJE2ZPJQ,1,0,284,MISSING,1,1,,"not SI, no tech",1,-1,1,,
285,285,A1J4AZL6MZ675U,-1,1,285,A2SC7SYQ22RJBR,1,1,,"not SI, no tech",1,-1,1,,
285,285,A2PZDX8PIK73K3,-1,1,285,A3GOI327COFGY5,1,1,,"not SI, no tech",1,-1,1,,
285,285,AB66CTVQ90RCV,-1,1,285,A2416IYI3FQMAG,1,1,,"not SI, no tech",1,-1,1,,
285,285,A2MO0MCFPWXYS7,-1,1,285,A2SBISQJE2ZPJQ,1,1,,"not SI, no tech",1,-1,1,,
285,285,A3F9N2P4NUUR7S,-1,1,285,A3QX9ABC1DVMQG,1,1,,"not SI, no tech",1,-1,1,,
286,286,A2PZDX8PIK73K3,-1,1,286,AT6KZZ2OTABWK,1,1,,"not SI, no tech",1,-1,1,,
286,286,A26699AEVYMM7N,1,0,286,APQMFEY1KUL6A,1,1,,"not SI, no tech",1,-1,1,,
286,286,APV0K0H4L16M0,-1,1,286,A142ZRU284W9O,1,1,,"not SI, no tech",1,-1,1,,
286,286,AB66CTVQ90RCV,-1,1,286,A1RO22O88I71FD,-1,0,,"not SI, no tech",1,-1,1,,
286,286,A1UE726OT3JLZ9,-1,1,286,A1QKB93D6X2TYL,1,1,,"not SI, no tech",1,-1,1,,
287,287,A3F9N2P4NUUR7S,1,0,287,A110KENBXU7SUJ,1,1,,"not SI, no tech",1,-1,1,,
287,287,A142ZRU284W9O,-1,1,287,A142ZRU284W9O,1,1,,"not SI, no tech",1,-1,1,,
287,287,A1UE726OT3JLZ9,-1,1,287,A1QKB93D6X2TYL,1,1,,"not SI, no tech",1,-1,1,,
287,287,AB66CTVQ90RCV,-1,1,287,AT6KZZ2OTABWK,1,1,,"not SI, no tech",1,-1,1,,
287,287,A2PZDX8PIK73K3,-1,1,287,MISSING,1,1,,"not SI, no tech",1,-1,1,,
288,288,A1J4AZL6MZ675U,-1,1,288,A1CXAIALV3056P,-1,0,,"not SI, no tech",1,-1,1,,
288,288,AB66CTVQ90RCV,-1,1,288,AT6KZZ2OTABWK,-1,0,,"not SI, no tech",1,-1,1,,
288,288,A2PZDX8PIK73K3,-1,1,288,A1F8ZAE0P2RA8O,-1,0,,"not SI, no tech",1,-1,1,,
288,288,AL8NYDL4JOYL3,-1,1,288,A1RO22O88I71FD,1,1,,"not SI, no tech",1,-1,1,,
288,288,A142ZRU284W9O,-1,1,288,MISSING,-1,0,,"not SI, no tech",1,-1,1,,
289,289,AB66CTVQ90RCV,-1,1,289,AT6KZZ2OTABWK,1,1,,"not SI, no tech",1,-1,1,,
289,289,APV0K0H4L16M0,-1,1,289,A2Z596CRYWL6XC,1,1,,"not SI, no tech",1,-1,1,,
289,289,A2SBISQJE2ZPJQ,1,0,289,A3QX9ABC1DVMQG,1,1,,"not SI, no tech",1,-1,1,,
289,289,A2PZDX8PIK73K3,1,0,289,A3HJNOCKXFOOVP,1,1,,"not SI, no tech",1,-1,1,,
289,289,A1665VCUSZL9YT,-1,1,289,A1CXAIALV3056P,0,0,,"not SI, no tech",1,-1,1,,
290,290,A2PZDX8PIK73K3,-1,1,290,A2416IYI3FQMAG,1,1,,"not SI, no tech",1,-1,1,,
290,290,AB66CTVQ90RCV,-1,1,290,A1QKB93D6X2TYL,1,1,,"not SI, no tech",1,-1,1,,
290,290,A1J4AZL6MZ675U,-1,1,290,AT6KZZ2OTABWK,1,1,,"not SI, no tech",1,-1,1,,
290,290,AM0JKZVOEOTMA,-1,1,290,A1F8ZAE0P2RA8O,-1,0,,"not SI, no tech",1,-1,1,,
290,290,A2SBISQJE2ZPJQ,1,0,290,AEOT74WAPK0A4,1,1,,"not SI, no tech",1,-1,1,,
291,291,A2SBISQJE2ZPJQ,1,0,291,AT6KZZ2OTABWK,-1,0,,"not SI, no tech",1,-1,1,,
291,291,A142ZRU284W9O,-1,1,291,A1F8ZAE0P2RA8O,1,1,,"not SI, no tech",1,-1,1,,
291,291,AB66CTVQ90RCV,1,0,291,A2416IYI3FQMAG,1,1,,"not SI, no tech",1,-1,1,,
291,291,A26699AEVYMM7N,-1,1,291,A3ARZI0MED7JPG,-1,0,,"not SI, no tech",1,-1,1,,
291,291,A1J4AZL6MZ675U,1,0,291,A142ZRU284W9O,1,1,,"not SI, no tech",1,-1,1,,
292,292,A2PZDX8PIK73K3,-1,1,292,A3HJNOCKXFOOVP,1,1,,"not SI, no tech",1,-1,1,,
292,292,A29Y7ACFAJV9IS,1,0,292,A1QKB93D6X2TYL,1,1,,"not SI, no tech",1,-1,1,,
292,292,A3F9N2P4NUUR7S,-1,1,292,AT6KZZ2OTABWK,1,1,,"not SI, no tech",1,-1,1,,
292,292,AB66CTVQ90RCV,-1,1,292,A1JGZD9FUDYJ30,1,1,,"not SI, no tech",1,-1,1,,
292,292,A142ZRU284W9O,-1,1,292,A20FCMI1MPEEJN,1,1,,"not SI, no tech",1,-1,1,,
293,293,A2QVKJW6Z11ZGD,-1,1,293,A3QX9ABC1DVMQG,1,1,,"not SI, no tech",1,-1,1,,
293,293,A2PZDX8PIK73K3,-1,1,293,A142ZRU284W9O,1,1,,"not SI, no tech",1,-1,1,,
293,293,A142ZRU284W9O,-1,1,293,AT6KZZ2OTABWK,1,1,,"not SI, no tech",1,-1,1,,
293,293,A1665VCUSZL9YT,-1,1,293,AB66CTVQ90RCV,1,1,,"not SI, no tech",1,-1,1,,
293,293,AB66CTVQ90RCV,-1,1,293,A1RO22O88I71FD,-1,0,,"not SI, no tech",1,-1,1,,
294,294,AB66CTVQ90RCV,-1,1,294,AB66CTVQ90RCV,1,1,,"not SI, no tech",1,-1,1,,
294,294,A1G0W1P43RTBKK,-1,1,294,A3QX9ABC1DVMQG,1,1,,"not SI, no tech",1,-1,1,,
294,294,A142ZRU284W9O,-1,1,294,A142ZRU284W9O,1,1,,"not SI, no tech",1,-1,1,,
294,294,A1UE726OT3JLZ9,-1,1,294,A1QKB93D6X2TYL,1,1,,"not SI, no tech",1,-1,1,,
294,294,A1665VCUSZL9YT,0,0,294,AT6KZZ2OTABWK,1,1,,"not SI, no tech",1,-1,1,,
295,295,A2PZDX8PIK73K3,-1,1,295,AB66CTVQ90RCV,1,1,,"not SI, no tech",1,-1,1,,
295,295,AB66CTVQ90RCV,-1,1,295,A1UE726OT3JLZ9,1,1,,"not SI, no tech",1,-1,1,,
295,295,A1G0W1P43RTBKK,-1,1,295,A1QKB93D6X2TYL,1,1,,"not SI, no tech",1,-1,1,,
295,295,A142ZRU284W9O,-1,1,295,AT6KZZ2OTABWK,1,1,,"not SI, no tech",1,-1,1,,
295,295,A29Y7ACFAJV9IS,-1,1,295,A3HJNOCKXFOOVP,1,1,,"not SI, no tech",1,-1,1,,
296,296,A2MO0MCFPWXYS7,-1,1,296,A2416IYI3FQMAG,1,1,,"not SI, no tech",1,-1,1,,
296,296,AB66CTVQ90RCV,-1,1,296,A142ZRU284W9O,1,1,,"not SI, no tech",1,-1,1,,
296,296,ASKV5KO5CV616,-1,1,296,A1RO22O88I71FD,-1,0,,"not SI, no tech",1,-1,1,,
296,296,A29Y7ACFAJV9IS,-1,1,296,A1QKB93D6X2TYL,1,1,,"not SI, no tech",1,-1,1,,
296,296,A3F9N2P4NUUR7S,-1,1,296,A1CXAIALV3056P,1,1,,"not SI, no tech",1,-1,1,,
297,297,AB66CTVQ90RCV,-1,1,297,A142ZRU284W9O,1,1,,"not SI, no tech",1,-1,1,,
297,297,AL8NYDL4JOYL3,-1,1,297,AT6KZZ2OTABWK,1,1,,"not SI, no tech",1,-1,1,,
297,297,A142ZRU284W9O,-1,1,297,A1RO22O88I71FD,1,1,,"not SI, no tech",1,-1,1,,
297,297,A12KW2ANXC46MZ,1,0,297,A1QKB93D6X2TYL,1,1,,"not SI, no tech",1,-1,1,,
297,297,A2PZDX8PIK73K3,-1,1,297,MISSING,1,1,,"not SI, no tech",1,-1,1,,
298,298,A2PZDX8PIK73K3,-1,1,298,ASKV5KO5CV616,-1,0,,"not SI, no tech",1,-1,1,,
298,298,AB66CTVQ90RCV,-1,1,298,A1QKB93D6X2TYL,1,1,,"not SI, no tech",1,-1,1,,
298,298,A1665VCUSZL9YT,-1,1,298,A1CXAIALV3056P,-1,0,,"not SI, no tech",1,-1,1,,
298,298,A1J4AZL6MZ675U,-1,1,298,A3HJNOCKXFOOVP,1,1,,"not SI, no tech",1,-1,1,,
298,298,A142ZRU284W9O,-1,1,298,A1RO22O88I71FD,1,1,,"not SI, no tech",1,-1,1,,
300,300,A2PZDX8PIK73K3,-1,1,300,A3HJNOCKXFOOVP,1,1,,"not SI, no tech",1,-1,1,,
300,300,APV0K0H4L16M0,1,0,300,A1RO22O88I71FD,-1,0,,"not SI, no tech",1,-1,1,,
300,300,A142ZRU284W9O,-1,1,300,AT6KZZ2OTABWK,1,1,,"not SI, no tech",1,-1,1,,
300,300,AB66CTVQ90RCV,-1,1,300,ASKV5KO5CV616,1,1,,"not SI, no tech",1,-1,1,,
300,300,A9V77AP0V4RHF,1,0,300,A3EI4AOY9AZIQY,1,1,,"not SI, no tech",1,-1,1,,
301,301,AB66CTVQ90RCV,-1,1,301,A110KENBXU7SUJ,1,1,,"not SI, no tech",1,-1,1,,
301,301,A2PZDX8PIK73K3,1,0,301,AT6KZZ2OTABWK,1,1,,"not SI, no tech",1,-1,1,,
301,301,A142ZRU284W9O,-1,1,301,A1RO22O88I71FD,-1,0,,"not SI, no tech",1,-1,1,,
301,301,A36ABFLSNFESVJ,1,0,301,ASKV5KO5CV616,-1,0,,"not SI, no tech",1,-1,1,,
301,301,A1G0W1P43RTBKK,-1,1,301,A142ZRU284W9O,1,1,,"not SI, no tech",1,-1,1,,
302,302,A3F9N2P4NUUR7S,-1,1,302,AT6KZZ2OTABWK,1,1,,"not SI, no tech",1,-1,1,,
302,302,A2PZDX8PIK73K3,1,0,302,A3HJNOCKXFOOVP,1,1,,"not SI, no tech",1,-1,1,,
302,302,AB66CTVQ90RCV,-1,1,302,A3QX9ABC1DVMQG,1,1,,"not SI, no tech",1,-1,1,,
302,302,ATDGXYZ1HKFKX,1,0,302,ASKV5KO5CV616,1,1,,"not SI, no tech",1,-1,1,,
302,302,A1G0W1P43RTBKK,-1,1,302,MISSING,1,1,,"not SI, no tech",1,-1,1,,
303,303,AB66CTVQ90RCV,-1,1,303,A3HJNOCKXFOOVP,1,1,,"not SI, no tech",1,-1,1,,
303,303,A2PZDX8PIK73K3,-1,1,303,A2416IYI3FQMAG,1,1,,"not SI, no tech",1,-1,1,,
303,303,A142ZRU284W9O,-1,1,303,A142ZRU284W9O,1,1,,"not SI, no tech",1,-1,1,,
303,303,A12KW2ANXC46MZ,1,0,303,A14NSVH4W27CK0,1,1,,"not SI, no tech",1,-1,1,,
303,303,AL8NYDL4JOYL3,-1,1,303,A1RO22O88I71FD,-1,0,,"not SI, no tech",1,-1,1,,
304,304,AB66CTVQ90RCV,-1,1,304,A1CXAIALV3056P,-1,0,,"not SI, no tech",1,-1,1,,
304,304,A1665VCUSZL9YT,-1,1,304,A110KENBXU7SUJ,-1,0,,"not SI, no tech",1,-1,1,,
304,304,A2PZDX8PIK73K3,-1,1,304,A1QKB93D6X2TYL,1,1,,"not SI, no tech",1,-1,1,,
304,304,AL8NYDL4JOYL3,-1,1,304,A377PON9N4JZEY,1,1,,"not SI, no tech",1,-1,1,,
304,304,A3F9N2P4NUUR7S,-1,1,304,AB66CTVQ90RCV,1,1,,"not SI, no tech",1,-1,1,,
305,305,A2PZDX8PIK73K3,-1,1,305,AT6KZZ2OTABWK,1,1,,"not SI, no tech",1,-1,1,,
305,305,A29Y7ACFAJV9IS,1,0,305,A142ZRU284W9O,1,1,,"not SI, no tech",1,-1,1,,
305,305,A1665VCUSZL9YT,-1,1,305,A1RO22O88I71FD,-1,0,,"not SI, no tech",1,-1,1,,
305,305,AB66CTVQ90RCV,-1,1,305,AB66CTVQ90RCV,1,1,,"not SI, no tech",1,-1,1,,
305,305,A142ZRU284W9O,-1,1,305,A14NSVH4W27CK0,1,1,,"not SI, no tech",1,-1,1,,
306,306,A142ZRU284W9O,-1,1,306,A110KENBXU7SUJ,1,1,,"not SI, no tech",1,-1,1,,
306,306,A2PZDX8PIK73K3,-1,1,306,A1QKB93D6X2TYL,0,0,,"not SI, no tech",1,-1,1,,
306,306,APV0K0H4L16M0,-1,1,306,A303MN1VOKQG5I,1,1,,"not SI, no tech",1,-1,1,,
306,306,AB66CTVQ90RCV,-1,1,306,A1RO22O88I71FD,1,1,,"not SI, no tech",1,-1,1,,
306,306,A1J4AZL6MZ675U,-1,1,306,AT6KZZ2OTABWK,1,1,,"not SI, no tech",1,-1,1,,
307,307,AB66CTVQ90RCV,-1,1,307,A1RO22O88I71FD,-1,0,,"not SI, no tech",1,-1,1,,
307,307,A1J4AZL6MZ675U,-1,1,307,APQMFEY1KUL6A,1,1,,"not SI, no tech",1,-1,1,,
307,307,A2Z596CRYWL6XC,-1,1,307,A1CXAIALV3056P,1,1,,"not SI, no tech",1,-1,1,,
307,307,A2PZDX8PIK73K3,-1,1,307,A3HJNOCKXFOOVP,1,1,,"not SI, no tech",1,-1,1,,
307,307,A2MO0MCFPWXYS7,-1,1,307,A1JGZD9FUDYJ30,1,1,,"not SI, no tech",1,-1,1,,
308,308,A142ZRU284W9O,-1,1,308,A2SC7SYQ22RJBR,1,1,,"not SI, no tech",1,-1,1,,
308,308,AB66CTVQ90RCV,-1,1,308,AB66CTVQ90RCV,1,1,,"not SI, no tech",1,-1,1,,
308,308,A1J4AZL6MZ675U,-1,1,308,A142ZRU284W9O,1,1,,"not SI, no tech",1,-1,1,,
308,308,A2QVKJW6Z11ZGD,-1,1,308,A1QKB93D6X2TYL,1,1,,"not SI, no tech",1,-1,1,,
308,308,A2PZDX8PIK73K3,-1,1,308,A3QX9ABC1DVMQG,1,1,,"not SI, no tech",1,-1,1,,
309,309,A142ZRU284W9O,-1,1,309,ANL1ZCMLQ0RUE,1,1,,"not SI, no tech",1,-1,1,,
309,309,A2PZDX8PIK73K3,-1,1,309,AA9YQ6WOHEH1R,1,1,,"not SI, no tech",1,-1,1,,
309,309,AB66CTVQ90RCV,-1,1,309,A2Z596CRYWL6XC,1,1,,"not SI, no tech",1,-1,1,,
309,309,A1G0W1P43RTBKK,1,0,309,A1CXAIALV3056P,1,1,,"not SI, no tech",1,-1,1,,
309,309,A1J4AZL6MZ675U,-1,1,309,ASKV5KO5CV616,-1,0,,"not SI, no tech",1,-1,1,,
310,310,A3F9N2P4NUUR7S,-1,1,310,A1CXAIALV3056P,-1,0,,"not SI, no tech",1,-1,1,,
310,310,AL8NYDL4JOYL3,-1,1,310,AB66CTVQ90RCV,1,1,,"not SI, no tech",1,-1,1,,
310,310,A1665VCUSZL9YT,-1,1,310,A1QKB93D6X2TYL,1,1,,"not SI, no tech",1,-1,1,,
310,310,A142ZRU284W9O,-1,1,310,A2Y3MRMF76D2RB,0,0,,"not SI, no tech",1,-1,1,,
310,310,A2PZDX8PIK73K3,-1,1,310,A3HJNOCKXFOOVP,-1,0,,"not SI, no tech",1,-1,1,,
311,311,A3F9N2P4NUUR7S,-1,1,311,A2SC7SYQ22RJBR,1,1,,"not SI, no tech",1,-1,1,,
311,311,A1UE726OT3JLZ9,-1,1,311,APQMFEY1KUL6A,1,1,,"not SI, no tech",1,-1,1,,
311,311,A2PZDX8PIK73K3,-1,1,311,AB66CTVQ90RCV,1,1,,"not SI, no tech",1,-1,1,,
311,311,AB66CTVQ90RCV,-1,1,311,A3EI4AOY9AZIQY,-1,0,,"not SI, no tech",1,-1,1,,
311,311,A29Y7ACFAJV9IS,-1,1,311,A1UE726OT3JLZ9,1,1,,"not SI, no tech",1,-1,1,,
312,312,A36ABFLSNFESVJ,-1,1,312,APQMFEY1KUL6A,1,1,,"not SI, no tech",1,-1,1,,
312,312,APV0K0H4L16M0,-1,1,312,A110KENBXU7SUJ,1,1,,"not SI, no tech",1,-1,1,,
312,312,AB66CTVQ90RCV,-1,1,312,AT6KZZ2OTABWK,-1,0,,"not SI, no tech",1,-1,1,,
312,312,A2SBISQJE2ZPJQ,1,0,312,ASKV5KO5CV616,-1,0,,"not SI, no tech",1,-1,1,,
312,312,A2PZDX8PIK73K3,-1,1,312,A1CXAIALV3056P,-1,0,,"not SI, no tech",1,-1,1,,
313,313,A3F9N2P4NUUR7S,-1,1,313,A2416IYI3FQMAG,1,1,,"not SI, no tech",1,-1,1,,
313,313,A2SBISQJE2ZPJQ,1,0,313,A1JGZD9FUDYJ30,1,1,,"not SI, no tech",1,-1,1,,
313,313,A142ZRU284W9O,-1,1,313,A9ZBEA4T2FNZ3,1,1,,"not SI, no tech",1,-1,1,,
313,313,A1J4AZL6MZ675U,-1,1,313,A1QKB93D6X2TYL,1,1,,"not SI, no tech",1,-1,1,,
313,313,AB66CTVQ90RCV,-1,1,313,A20FCMI1MPEEJN,1,1,,"not SI, no tech",1,-1,1,,
314,314,A29Y7ACFAJV9IS,-1,1,314,A1RO22O88I71FD,-1,0,,"not SI, no tech",1,-1,1,,
314,314,AL8NYDL4JOYL3,-1,1,314,ASKV5KO5CV616,1,1,,"not SI, no tech",1,-1,1,,
314,314,A2PZDX8PIK73K3,-1,1,314,A3QX9ABC1DVMQG,1,1,,"not SI, no tech",1,-1,1,,
314,314,A2SBISQJE2ZPJQ,1,0,314,AT6KZZ2OTABWK,-1,0,,"not SI, no tech",1,-1,1,,
314,314,A1G0W1P43RTBKK,1,0,314,A31XNLA9REVGXL,1,1,,"not SI, no tech",1,-1,1,,
315,315,A2SBISQJE2ZPJQ,1,0,315,A2416IYI3FQMAG,1,1,,"not SI, no tech",1,-1,1,,
315,315,A1UE726OT3JLZ9,1,0,315,A1RO22O88I71FD,1,1,,"not SI, no tech",1,-1,1,,
315,315,A142ZRU284W9O,-1,1,315,AT6KZZ2OTABWK,-1,0,,"not SI, no tech",1,-1,1,,
315,315,A2OK8X7F8VQFGG,-1,1,315,A3QX9ABC1DVMQG,-1,0,,"not SI, no tech",1,-1,1,,
315,315,AB66CTVQ90RCV,-1,1,315,ASKV5KO5CV616,1,1,,"not SI, no tech",1,-1,1,,
316,316,A142ZRU284W9O,-1,1,316,AB66CTVQ90RCV,1,1,,"not SI, no tech",1,-1,1,,
316,316,A3F9N2P4NUUR7S,-1,1,316,A142ZRU284W9O,1,1,,"not SI, no tech",1,-1,1,,
316,316,A1J4AZL6MZ675U,-1,1,316,A3QX9ABC1DVMQG,1,1,,"not SI, no tech",1,-1,1,,
316,316,AB66CTVQ90RCV,-1,1,316,A1CXAIALV3056P,-1,0,,"not SI, no tech",1,-1,1,,
316,316,A2PZDX8PIK73K3,-1,1,316,A1JGZD9FUDYJ30,1,1,,"not SI, no tech",1,-1,1,,
317,317,A142ZRU284W9O,-1,1,317,A2416IYI3FQMAG,1,1,,"not SI, no tech",1,-1,1,,
317,317,AB66CTVQ90RCV,-1,1,317,A1RO22O88I71FD,1,1,,"not SI, no tech",1,-1,1,,
317,317,A3F9N2P4NUUR7S,-1,1,317,A3HJNOCKXFOOVP,1,1,,"not SI, no tech",1,-1,1,,
317,317,AL8NYDL4JOYL3,-1,1,317,A1QKB93D6X2TYL,-1,0,,"not SI, no tech",1,-1,1,,
317,317,A1J4AZL6MZ675U,-1,1,317,AB66CTVQ90RCV,1,1,,"not SI, no tech",1,-1,1,,
318,318,A29Y7ACFAJV9IS,-1,1,318,A1RO22O88I71FD,1,1,,"not SI, no tech",1,-1,1,,
318,318,AB66CTVQ90RCV,-1,1,318,A1SBFOZG5J97Z1,0,0,,"not SI, no tech",1,-1,1,,
318,318,A2PZDX8PIK73K3,-1,1,318,A1CXAIALV3056P,-1,0,,"not SI, no tech",1,-1,1,,
318,318,A35K3CN8ZVW6JT,-1,1,318,A2416IYI3FQMAG,-1,0,,"not SI, no tech",1,-1,1,,
318,318,A26699AEVYMM7N,0,0,318,A110KENBXU7SUJ,-1,0,,"not SI, no tech",1,-1,1,,
319,319,AB66CTVQ90RCV,-1,1,319,A1RO22O88I71FD,1,1,,"not SI, no tech",1,-1,1,,
319,319,A12KW2ANXC46MZ,1,0,319,AT6KZZ2OTABWK,-1,0,,"not SI, no tech",1,-1,1,,
319,319,A2TTAG8NJ9EOIE,-1,1,319,A3HJNOCKXFOOVP,1,1,,"not SI, no tech",1,-1,1,,
319,319,A2PZDX8PIK73K3,-1,1,319,A20FCMI1MPEEJN,1,1,,"not SI, no tech",1,-1,1,,
319,319,A142ZRU284W9O,-1,1,319,MISSING,1,1,,"not SI, no tech",1,-1,1,,
1,,,,,,,,,,,,,,,
1,,,,,,,,,,,,,,,
1,,,,,,,,,,,,,,,
1,,,,,,,,,,,,,,,
1,,,,,,,,,,,,,,,
2,,,,,,,,,,,,,,,
2,,,,,,,,,,,,,,,
2,,,,,,,,,,,,,,,
2,,,,,,,,,,,,,,,
2,,,,,,,,,,,,,,,
3,,,,,,,,,,,,,,,
3,,,,,,,,,,,,,,,
3,,,,,,,,,,,,,,,
3,,,,,,,,,,,,,,,
3,,,,,,,,,,,,,,,
4,,,,,,,,,,,,,,,
4,,,,,,,,,,,,,,,
4,,,,,,,,,,,,,,,
4,,,,,,,,,,,,,,,
4,,,,,,,,,,,,,,,
5,,,,,,,,,,,,,,,
5,,,,,,,,,,,,,,,
5,,,,,,,,,,,,,,,
5,,,,,,,,,,,,,,,
5,,,,,,,,,,,,,,,
6,,,,,,,,,,,,,,,
6,,,,,,,,,,,,,,,
6,,,,,,,,,,,,,,,
6,,,,,,,,,,,,,,,
6,,,,,,,,,,,,,,,
7,,,,,,,,,,,,,,,
7,,,,,,,,,,,,,,,
7,,,,,,,,,,,,,,,
7,,,,,,,,,,,,,,,
7,,,,,,,,,,,,,,,
8,,,,,,,,,,,,,,,
8,,,,,,,,,,,,,,,
8,,,,,,,,,,,,,,,
8,,,,,,,,,,,,,,,
8,,,,,,,,,,,,,,,
9,,,,,,,,,,,,,,,
9,,,,,,,,,,,,,,,
9,,,,,,,,,,,,,,,
9,,,,,,,,,,,,,,,
9,,,,,,,,,,,,,,,
10,,,,,,,,,,,,,,,
10,,,,,,,,,,,,,,,
10,,,,,,,,,,,,,,,
10,,,,,,,,,,,,,,,
10,,,,,,,,,,,,,,,
20,,,,,,,,,,,,,,,
20,,,,,,,,,,,,,,,
20,,,,,,,,,,,,,,,
20,,,,,,,,,,,,,,,
20,,,,,,,,,,,,,,,
21,,,,,,,,,,,,,,,
21,,,,,,,,,,,,,,,
21,,,,,,,,,,,,,,,
21,,,,,,,,,,,,,,,
21,,,,,,,,,,,,,,,
21,,,,,,,,,,,,,,,
22,,,,,,,,,,,,,,,
22,,,,,,,,,,,,,,,
22,,,,,,,,,,,,,,,
22,,,,,,,,,,,,,,,
22,,,,,,,,,,,,,,,
23,,,,,,,,,,,,,,,
23,,,,,,,,,,,,,,,
23,,,,,,,,,,,,,,,
23,,,,,,,,,,,,,,,
23,,,,,,,,,,,,,,,
24,,,,,,,,,,,,,,,
24,,,,,,,,,,,,,,,
24,,,,,,,,,,,,,,,
24,,,,,,,,,,,,,,,
24,,,,,,,,,,,,,,,
25,,,,,,,,,,,,,,,
25,,,,,,,,,,,,,,,
25,,,,,,,,,,,,,,,
25,,,,,,,,,,,,,,,
25,,,,,,,,,,,,,,,
26,,,,,,,,,,,,,,,
26,,,,,,,,,,,,,,,
26,,,,,,,,,,,,,,,
26,,,,,,,,,,,,,,,
26,,,,,,,,,,,,,,,
27,,,,,,,,,,,,,,,
27,,,,,,,,,,,,,,,
27,,,,,,,,,,,,,,,
27,,,,,,,,,,,,,,,
27,,,,,,,,,,,,,,,
28,,,,,,,,,,,,,,,
28,,,,,,,,,,,,,,,
28,,,,,,,,,,,,,,,
28,,,,,,,,,,,,,,,
28,,,,,,,,,,,,,,,
29,,,,,,,,,,,,,,,
29,,,,,,,,,,,,,,,
29,,,,,,,,,,,,,,,
29,,,,,,,,,,,,,,,
29,,,,,,,,,,,,,,,
30,,,,,,,,,,,,,,,
30,,,,,,,,,,,,,,,
30,,,,,,,,,,,,,,,
30,,,,,,,,,,,,,,,
30,,,,,,,,,,,,,,,
31,,,,,,,,,,,,,,,
31,,,,,,,,,,,,,,,
31,,,,,,,,,,,,,,,
31,,,,,,,,,,,,,,,
31,,,,,,,,,,,,,,,
32,,,,,,,,,,,,,,,
32,,,,,,,,,,,,,,,
32,,,,,,,,,,,,,,,
32,,,,,,,,,,,,,,,
32,,,,,,,,,,,,,,,
33,,,,,,,,,,,,,,,
33,,,,,,,,,,,,,,,
33,,,,,,,,,,,,,,,
33,,,,,,,,,,,,,,,
33,,,,,,,,,,,,,,,
46,,,,,,,,,,,,,,,
46,,,,,,,,,,,,,,,
46,,,,,,,,,,,,,,,
46,,,,,,,,,,,,,,,
46,,,,,,,,,,,,,,,
47,,,,,,,,,,,,,,,
47,,,,,,,,,,,,,,,
47,,,,,,,,,,,,,,,
47,,,,,,,,,,,,,,,
47,,,,,,,,,,,,,,,
48,,,,,,,,,,,,,,,
48,,,,,,,,,,,,,,,
48,,,,,,,,,,,,,,,
48,,,,,,,,,,,,,,,
48,,,,,,,,,,,,,,,
49,,,,,,,,,,,,,,,
49,,,,,,,,,,,,,,,
49,,,,,,,,,,,,,,,
49,,,,,,,,,,,,,,,
49,,,,,,,,,,,,,,,
50,,,,,,,,,,,,,,,
50,,,,,,,,,,,,,,,
50,,,,,,,,,,,,,,,
50,,,,,,,,,,,,,,,
50,,,,,,,,,,,,,,,
51,,,,,,,,,,,,,,,
51,,,,,,,,,,,,,,,
51,,,,,,,,,,,,,,,
51,,,,,,,,,,,,,,,
51,,,,,,,,,,,,,,,
52,,,,,,,,,,,,,,,
52,,,,,,,,,,,,,,,
52,,,,,,,,,,,,,,,
52,,,,,,,,,,,,,,,
52,,,,,,,,,,,,,,,
66,,,,,,,,,,,,,,,
66,,,,,,,,,,,,,,,
66,,,,,,,,,,,,,,,
66,,,,,,,,,,,,,,,
66,,,,,,,,,,,,,,,
67,,,,,,,,,,,,,,,
67,,,,,,,,,,,,,,,
67,,,,,,,,,,,,,,,
67,,,,,,,,,,,,,,,
67,,,,,,,,,,,,,,,
68,,,,,,,,,,,,,,,
68,,,,,,,,,,,,,,,
68,,,,,,,,,,,,,,,
68,,,,,,,,,,,,,,,
68,,,,,,,,,,,,,,,
69,,,,,,,,,,,,,,,
69,,,,,,,,,,,,,,,
69,,,,,,,,,,,,,,,
69,,,,,,,,,,,,,,,
69,,,,,,,,,,,,,,,
70,,,,,,,,,,,,,,,
70,,,,,,,,,,,,,,,
70,,,,,,,,,,,,,,,
70,,,,,,,,,,,,,,,
70,,,,,,,,,,,,,,,
71,,,,,,,,,,,,,,,
71,,,,,,,,,,,,,,,
71,,,,,,,,,,,,,,,
71,,,,,,,,,,,,,,,
71,,,,,,,,,,,,,,,
72,,,,,,,,,,,,,,,
72,,,,,,,,,,,,,,,
72,,,,,,,,,,,,,,,
72,,,,,,,,,,,,,,,
72,,,,,,,,,,,,,,,
73,,,,,,,,,,,,,,,
73,,,,,,,,,,,,,,,
73,,,,,,,,,,,,,,,
73,,,,,,,,,,,,,,,
73,,,,,,,,,,,,,,,
74,,,,,,,,,,,,,,,
74,,,,,,,,,,,,,,,
74,,,,,,,,,,,,,,,
74,,,,,,,,,,,,,,,
74,,,,,,,,,,,,,,,
75,,,,,,,,,,,,,,,
75,,,,,,,,,,,,,,,
75,,,,,,,,,,,,,,,
75,,,,,,,,,,,,,,,
75,,,,,,,,,,,,,,,
89,,,,,,,,,,,,,,,
89,,,,,,,,,,,,,,,
89,,,,,,,,,,,,,,,
89,,,,,,,,,,,,,,,
89,,,,,,,,,,,,,,,
90,,,,,,,,,,,,,,,
90,,,,,,,,,,,,,,,
90,,,,,,,,,,,,,,,
90,,,,,,,,,,,,,,,
90,,,,,,,,,,,,,,,
91,,,,,,,,,,,,,,,
91,,,,,,,,,,,,,,,
91,,,,,,,,,,,,,,,
91,,,,,,,,,,,,,,,
91,,,,,,,,,,,,,,,
92,,,,,,,,,,,,,,,
92,,,,,,,,,,,,,,,
92,,,,,,,,,,,,,,,
92,,,,,,,,,,,,,,,
92,,,,,,,,,,,,,,,
93,,,,,,,,,,,,,,,
93,,,,,,,,,,,,,,,
93,,,,,,,,,,,,,,,
93,,,,,,,,,,,,,,,
93,,,,,,,,,,,,,,,
94,,,,,,,,,,,,,,,
94,,,,,,,,,,,,,,,
94,,,,,,,,,,,,,,,
94,,,,,,,,,,,,,,,
94,,,,,,,,,,,,,,,
95,,,,,,,,,,,,,,,
95,,,,,,,,,,,,,,,
95,,,,,,,,,,,,,,,
95,,,,,,,,,,,,,,,
95,,,,,,,,,,,,,,,
96,,,,,,,,,,,,,,,
96,,,,,,,,,,,,,,,
96,,,,,,,,,,,,,,,
96,,,,,,,,,,,,,,,
96,,,,,,,,,,,,,,,
97,,,,,,,,,,,,,,,
97,,,,,,,,,,,,,,,
97,,,,,,,,,,,,,,,
97,,,,,,,,,,,,,,,
97,,,,,,,,,,,,,,,
98,,,,,,,,,,,,,,,
98,,,,,,,,,,,,,,,
98,,,,,,,,,,,,,,,
98,,,,,,,,,,,,,,,
98,,,,,,,,,,,,,,,
99,,,,,,,,,,,,,,,
99,,,,,,,,,,,,,,,
99,,,,,,,,,,,,,,,
99,,,,,,,,,,,,,,,
99,,,,,,,,,,,,,,,
100,,,,,,,,,,,,,,,
100,,,,,,,,,,,,,,,
100,,,,,,,,,,,,,,,
100,,,,,,,,,,,,,,,
100,,,,,,,,,,,,,,,
101,,,,,,,,,,,,,,,
101,,,,,,,,,,,,,,,
101,,,,,,,,,,,,,,,
101,,,,,,,,,,,,,,,
101,,,,,,,,,,,,,,,
102,,,,,,,,,,,,,,,
102,,,,,,,,,,,,,,,
102,,,,,,,,,,,,,,,
102,,,,,,,,,,,,,,,
102,,,,,,,,,,,,,,,
222,,,,,,,,,,,,,,,
222,,,,,,,,,,,,,,,
222,,,,,,,,,,,,,,,
222,,,,,,,,,,,,,,,
222,,,,,,,,,,,,,,,
223,,,,,,,,,,,,,,,
223,,,,,,,,,,,,,,,
223,,,,,,,,,,,,,,,
223,,,,,,,,,,,,,,,
223,,,,,,,,,,,,,,,
224,,,,,,,,,,,,,,,
224,,,,,,,,,,,,,,,
224,,,,,,,,,,,,,,,
224,,,,,,,,,,,,,,,
225,,,,,,,,,,,,,,,
225,,,,,,,,,,,,,,,
225,,,,,,,,,,,,,,,
225,,,,,,,,,,,,,,,
225,,,,,,,,,,,,,,,
226,,,,,,,,,,,,,,,
226,,,,,,,,,,,,,,,
226,,,,,,,,,,,,,,,
226,,,,,,,,,,,,,,,
226,,,,,,,,,,,,,,,
279,,,,,,,,,,,,,,,
279,,,,,,,,,,,,,,,
279,,,,,,,,,,,,,,,
279,,,,,,,,,,,,,,,
279,,,,,,,,,,,,,,,
280,,,,,,,,,,,,,,,
280,,,,,,,,,,,,,,,
280,,,,,,,,,,,,,,,
280,,,,,,,,,,,,,,,
280,,,,,,,,,,,,,,,
281,,,,,,,,,,,,,,,
281,,,,,,,,,,,,,,,
281,,,,,,,,,,,,,,,
281,,,,,,,,,,,,,,,
281,,,,,,,,,,,,,,,
282,,,,,,,,,,,,,,,
282,,,,,,,,,,,,,,,
282,,,,,,,,,,,,,,,
282,,,,,,,,,,,,,,,
282,,,,,,,,,,,,,,,
283,,,,,,,,,,,,,,,
283,,,,,,,,,,,,,,,
283,,,,,,,,,,,,,,,
283,,,,,,,,,,,,,,,
283,,,,,,,,,,,,,,,
284,,,,,,,,,,,,,,,
284,,,,,,,,,,,,,,,
284,,,,,,,,,,,,,,,
284,,,,,,,,,,,,,,,
284,,,,,,,,,,,,,,,
285,,,,,,,,,,,,,,,
285,,,,,,,,,,,,,,,
285,,,,,,,,,,,,,,,
285,,,,,,,,,,,,,,,
285,,,,,,,,,,,,,,,
286,,,,,,,,,,,,,,,
286,,,,,,,,,,,,,,,
286,,,,,,,,,,,,,,,
286,,,,,,,,,,,,,,,
286,,,,,,,,,,,,,,,
287,,,,,,,,,,,,,,,
287,,,,,,,,,,,,,,,
287,,,,,,,,,,,,,,,
287,,,,,,,,,,,,,,,
287,,,,,,,,,,,,,,,
288,,,,,,,,,,,,,,,
288,,,,,,,,,,,,,,,
288,,,,,,,,,,,,,,,
288,,,,,,,,,,,,,,,
288,,,,,,,,,,,,,,,
289,,,,,,,,,,,,,,,
289,,,,,,,,,,,,,,,
289,,,,,,,,,,,,,,,
289,,,,,,,,,,,,,,,
289,,,,,,,,,,,,,,,
290,,,,,,,,,,,,,,,
290,,,,,,,,,,,,,,,
290,,,,,,,,,,,,,,,
290,,,,,,,,,,,,,,,
290,,,,,,,,,,,,,,,
291,,,,,,,,,,,,,,,
291,,,,,,,,,,,,,,,
291,,,,,,,,,,,,,,,
291,,,,,,,,,,,,,,,
291,,,,,,,,,,,,,,,
292,,,,,,,,,,,,,,,
292,,,,,,,,,,,,,,,
292,,,,,,,,,,,,,,,
292,,,,,,,,,,,,,,,
292,,,,,,,,,,,,,,,
293,,,,,,,,,,,,,,,
293,,,,,,,,,,,,,,,
293,,,,,,,,,,,,,,,
293,,,,,,,,,,,,,,,
293,,,,,,,,,,,,,,,
294,,,,,,,,,,,,,,,
294,,,,,,,,,,,,,,,
294,,,,,,,,,,,,,,,
294,,,,,,,,,,,,,,,
294,,,,,,,,,,,,,,,
295,,,,,,,,,,,,,,,
295,,,,,,,,,,,,,,,
295,,,,,,,,,,,,,,,
295,,,,,,,,,,,,,,,
295,,,,,,,,,,,,,,,
296,,,,,,,,,,,,,,,
296,,,,,,,,,,,,,,,
296,,,,,,,,,,,,,,,
296,,,,,,,,,,,,,,,
296,,,,,,,,,,,,,,,
297,,,,,,,,,,,,,,,
297,,,,,,,,,,,,,,,
297,,,,,,,,,,,,,,,
297,,,,,,,,,,,,,,,
297,,,,,,,,,,,,,,,
298,,,,,,,,,,,,,,,
298,,,,,,,,,,,,,,,
298,,,,,,,,,,,,,,,
298,,,,,,,,,,,,,,,
298,,,,,,,,,,,,,,,
300,,,,,,,,,,,,,,,
300,,,,,,,,,,,,,,,
300,,,,,,,,,,,,,,,
300,,,,,,,,,,,,,,,
300,,,,,,,,,,,,,,,
301,,,,,,,,,,,,,,,
301,,,,,,,,,,,,,,,
301,,,,,,,,,,,,,,,
301,,,,,,,,,,,,,,,
301,,,,,,,,,,,,,,,
302,,,,,,,,,,,,,,,
302,,,,,,,,,,,,,,,
302,,,,,,,,,,,,,,,
302,,,,,,,,,,,,,,,
302,,,,,,,,,,,,,,,
303,,,,,,,,,,,,,,,
303,,,,,,,,,,,,,,,
303,,,,,,,,,,,,,,,
303,,,,,,,,,,,,,,,
303,,,,,,,,,,,,,,,
304,,,,,,,,,,,,,,,
304,,,,,,,,,,,,,,,
304,,,,,,,,,,,,,,,
304,,,,,,,,,,,,,,,
304,,,,,,,,,,,,,,,
305,,,,,,,,,,,,,,,
305,,,,,,,,,,,,,,,
305,,,,,,,,,,,,,,,
305,,,,,,,,,,,,,,,
305,,,,,,,,,,,,,,,
306,,,,,,,,,,,,,,,
306,,,,,,,,,,,,,,,
306,,,,,,,,,,,,,,,
306,,,,,,,,,,,,,,,
306,,,,,,,,,,,,,,,
307,,,,,,,,,,,,,,,
307,,,,,,,,,,,,,,,
307,,,,,,,,,,,,,,,
307,,,,,,,,,,,,,,,
307,,,,,,,,,,,,,,,
308,,,,,,,,,,,,,,,
308,,,,,,,,,,,,,,,
308,,,,,,,,,,,,,,,
308,,,,,,,,,,,,,,,
308,,,,,,,,,,,,,,,
309,,,,,,,,,,,,,,,
309,,,,,,,,,,,,,,,
309,,,,,,,,,,,,,,,
309,,,,,,,,,,,,,,,
309,,,,,,,,,,,,,,,
310,,,,,,,,,,,,,,,
310,,,,,,,,,,,,,,,
310,,,,,,,,,,,,,,,
310,,,,,,,,,,,,,,,
310,,,,,,,,,,,,,,,
311,,,,,,,,,,,,,,,
311,,,,,,,,,,,,,,,
311,,,,,,,,,,,,,,,
311,,,,,,,,,,,,,,,
311,,,,,,,,,,,,,,,
312,,,,,,,,,,,,,,,
312,,,,,,,,,,,,,,,
312,,,,,,,,,,,,,,,
312,,,,,,,,,,,,,,,
312,,,,,,,,,,,,,,,
313,,,,,,,,,,,,,,,
313,,,,,,,,,,,,,,,
313,,,,,,,,,,,,,,,
313,,,,,,,,,,,,,,,
313,,,,,,,,,,,,,,,
314,,,,,,,,,,,,,,,
314,,,,,,,,,,,,,,,
314,,,,,,,,,,,,,,,
314,,,,,,,,,,,,,,,
314,,,,,,,,,,,,,,,
315,,,,,,,,,,,,,,,
315,,,,,,,,,,,,,,,
315,,,,,,,,,,,,,,,
315,,,,,,,,,,,,,,,
315,,,,,,,,,,,,,,,
316,,,,,,,,,,,,,,,
316,,,,,,,,,,,,,,,
316,,,,,,,,,,,,,,,
316,,,,,,,,,,,,,,,
316,,,,,,,,,,,,,,,
317,,,,,,,,,,,,,,,
317,,,,,,,,,,,,,,,
317,,,,,,,,,,,,,,,
317,,,,,,,,,,,,,,,
317,,,,,,,,,,,,,,,
318,,,,,,,,,,,,,,,
318,,,,,,,,,,,,,,,
318,,,,,,,,,,,,,,,
318,,,,,,,,,,,,,,,
318,,,,,,,,,,,,,,,
319,,,,,,,,,,,,,,,
319,,,,,,,,,,,,,,,
319,,,,,,,,,,,,,,,
319,,,,,,,,,,,,,,,
319,,,,,,,,,,,,,,,
1,,,,,,,,,,,,,,,
1,,,,,,,,,,,,,,,
1,,,,,,,,,,,,,,,
1,,,,,,,,,,,,,,,
1,,,,,,,,,,,,,,,
2,,,,,,,,,,,,,,,
2,,,,,,,,,,,,,,,
2,,,,,,,,,,,,,,,
2,,,,,,,,,,,,,,,
2,,,,,,,,,,,,,,,
3,,,,,,,,,,,,,,,
3,,,,,,,,,,,,,,,
3,,,,,,,,,,,,,,,
3,,,,,,,,,,,,,,,
3,,,,,,,,,,,,,,,
4,,,,,,,,,,,,,,,
4,,,,,,,,,,,,,,,
4,,,,,,,,,,,,,,,
4,,,,,,,,,,,,,,,
4,,,,,,,,,,,,,,,
5,,,,,,,,,,,,,,,
5,,,,,,,,,,,,,,,
5,,,,,,,,,,,,,,,
5,,,,,,,,,,,,,,,
5,,,,,,,,,,,,,,,
6,,,,,,,,,,,,,,,
6,,,,,,,,,,,,,,,
6,,,,,,,,,,,,,,,
6,,,,,,,,,,,,,,,
6,,,,,,,,,,,,,,,
7,,,,,,,,,,,,,,,
7,,,,,,,,,,,,,,,
7,,,,,,,,,,,,,,,
7,,,,,,,,,,,,,,,
7,,,,,,,,,,,,,,,
8,,,,,,,,,,,,,,,
8,,,,,,,,,,,,,,,
8,,,,,,,,,,,,,,,
8,,,,,,,,,,,,,,,
8,,,,,,,,,,,,,,,
9,,,,,,,,,,,,,,,
9,,,,,,,,,,,,,,,
9,,,,,,,,,,,,,,,
9,,,,,,,,,,,,,,,
9,,,,,,,,,,,,,,,
10,,,,,,,,,,,,,,,
10,,,,,,,,,,,,,,,
10,,,,,,,,,,,,,,,
10,,,,,,,,,,,,,,,
10,,,,,,,,,,,,,,,
20,,,,,,,,,,,,,,,
20,,,,,,,,,,,,,,,
20,,,,,,,,,,,,,,,
20,,,,,,,,,,,,,,,
20,,,,,,,,,,,,,,,
21,,,,,,,,,,,,,,,
21,,,,,,,,,,,,,,,
21,,,,,,,,,,,,,,,
21,,,,,,,,,,,,,,,
21,,,,,,,,,,,,,,,
22,,,,,,,,,,,,,,,
22,,,,,,,,,,,,,,,
22,,,,,,,,,,,,,,,
22,,,,,,,,,,,,,,,
22,,,,,,,,,,,,,,,
23,,,,,,,,,,,,,,,
23,,,,,,,,,,,,,,,
23,,,,,,,,,,,,,,,
23,,,,,,,,,,,,,,,
23,,,,,,,,,,,,,,,
24,,,,,,,,,,,,,,,
24,,,,,,,,,,,,,,,
24,,,,,,,,,,,,,,,
24,,,,,,,,,,,,,,,
24,,,,,,,,,,,,,,,
25,,,,,,,,,,,,,,,
25,,,,,,,,,,,,,,,
25,,,,,,,,,,,,,,,
25,,,,,,,,,,,,,,,
25,,,,,,,,,,,,,,,
26,,,,,,,,,,,,,,,
26,,,,,,,,,,,,,,,
26,,,,,,,,,,,,,,,
26,,,,,,,,,,,,,,,
26,,,,,,,,,,,,,,,
27,,,,,,,,,,,,,,,
27,,,,,,,,,,,,,,,
27,,,,,,,,,,,,,,,
27,,,,,,,,,,,,,,,
27,,,,,,,,,,,,,,,
28,,,,,,,,,,,,,,,
28,,,,,,,,,,,,,,,
28,,,,,,,,,,,,,,,
28,,,,,,,,,,,,,,,
28,,,,,,,,,,,,,,,
29,,,,,,,,,,,,,,,
29,,,,,,,,,,,,,,,
29,,,,,,,,,,,,,,,
29,,,,,,,,,,,,,,,
29,,,,,,,,,,,,,,,
30,,,,,,,,,,,,,,,
30,,,,,,,,,,,,,,,
30,,,,,,,,,,,,,,,
30,,,,,,,,,,,,,,,
30,,,,,,,,,,,,,,,
31,,,,,,,,,,,,,,,
31,,,,,,,,,,,,,,,
31,,,,,,,,,,,,,,,
31,,,,,,,,,,,,,,,
31,,,,,,,,,,,,,,,
32,,,,,,,,,,,,,,,
32,,,,,,,,,,,,,,,
32,,,,,,,,,,,,,,,
32,,,,,,,,,,,,,,,
32,,,,,,,,,,,,,,,
33,,,,,,,,,,,,,,,
33,,,,,,,,,,,,,,,
33,,,,,,,,,,,,,,,
33,,,,,,,,,,,,,,,
33,,,,,,,,,,,,,,,
46,,,,,,,,,,,,,,,
46,,,,,,,,,,,,,,,
46,,,,,,,,,,,,,,,
46,,,,,,,,,,,,,,,
46,,,,,,,,,,,,,,,
47,,,,,,,,,,,,,,,
47,,,,,,,,,,,,,,,
47,,,,,,,,,,,,,,,
47,,,,,,,,,,,,,,,
47,,,,,,,,,,,,,,,
48,,,,,,,,,,,,,,,
48,,,,,,,,,,,,,,,
48,,,,,,,,,,,,,,,
48,,,,,,,,,,,,,,,
48,,,,,,,,,,,,,,,
49,,,,,,,,,,,,,,,
49,,,,,,,,,,,,,,,
49,,,,,,,,,,,,,,,
49,,,,,,,,,,,,,,,
49,,,,,,,,,,,,,,,
50,,,,,,,,,,,,,,,
50,,,,,,,,,,,,,,,
50,,,,,,,,,,,,,,,
50,,,,,,,,,,,,,,,
50,,,,,,,,,,,,,,,
51,,,,,,,,,,,,,,,
51,,,,,,,,,,,,,,,
51,,,,,,,,,,,,,,,
51,,,,,,,,,,,,,,,
51,,,,,,,,,,,,,,,
52,,,,,,,,,,,,,,,
52,,,,,,,,,,,,,,,
52,,,,,,,,,,,,,,,
52,,,,,,,,,,,,,,,
52,,,,,,,,,,,,,,,
66,,,,,,,,,,,,,,,
66,,,,,,,,,,,,,,,
66,,,,,,,,,,,,,,,
66,,,,,,,,,,,,,,,
66,,,,,,,,,,,,,,,
67,,,,,,,,,,,,,,,
67,,,,,,,,,,,,,,,
67,,,,,,,,,,,,,,,
67,,,,,,,,,,,,,,,
67,,,,,,,,,,,,,,,
68,,,,,,,,,,,,,,,
68,,,,,,,,,,,,,,,
68,,,,,,,,,,,,,,,
68,,,,,,,,,,,,,,,
68,,,,,,,,,,,,,,,
69,,,,,,,,,,,,,,,
69,,,,,,,,,,,,,,,
69,,,,,,,,,,,,,,,
69,,,,,,,,,,,,,,,
69,,,,,,,,,,,,,,,
70,,,,,,,,,,,,,,,
70,,,,,,,,,,,,,,,
70,,,,,,,,,,,,,,,
70,,,,,,,,,,,,,,,
70,,,,,,,,,,,,,,,
71,,,,,,,,,,,,,,,
71,,,,,,,,,,,,,,,
71,,,,,,,,,,,,,,,
71,,,,,,,,,,,,,,,
71,,,,,,,,,,,,,,,
72,,,,,,,,,,,,,,,
72,,,,,,,,,,,,,,,
72,,,,,,,,,,,,,,,
72,,,,,,,,,,,,,,,
72,,,,,,,,,,,,,,,
73,,,,,,,,,,,,,,,
73,,,,,,,,,,,,,,,
73,,,,,,,,,,,,,,,
73,,,,,,,,,,,,,,,
73,,,,,,,,,,,,,,,
74,,,,,,,,,,,,,,,
74,,,,,,,,,,,,,,,
74,,,,,,,,,,,,,,,
74,,,,,,,,,,,,,,,
74,,,,,,,,,,,,,,,
75,,,,,,,,,,,,,,,
75,,,,,,,,,,,,,,,
75,,,,,,,,,,,,,,,
75,,,,,,,,,,,,,,,
75,,,,,,,,,,,,,,,
89,,,,,,,,,,,,,,,
89,,,,,,,,,,,,,,,
89,,,,,,,,,,,,,,,
89,,,,,,,,,,,,,,,
89,,,,,,,,,,,,,,,
90,,,,,,,,,,,,,,,
90,,,,,,,,,,,,,,,
90,,,,,,,,,,,,,,,
90,,,,,,,,,,,,,,,
90,,,,,,,,,,,,,,,
91,,,,,,,,,,,,,,,
91,,,,,,,,,,,,,,,
91,,,,,,,,,,,,,,,
91,,,,,,,,,,,,,,,
91,,,,,,,,,,,,,,,
92,,,,,,,,,,,,,,,
92,,,,,,,,,,,,,,,
92,,,,,,,,,,,,,,,
92,,,,,,,,,,,,,,,
92,,,,,,,,,,,,,,,
93,,,,,,,,,,,,,,,
93,,,,,,,,,,,,,,,
93,,,,,,,,,,,,,,,
93,,,,,,,,,,,,,,,
93,,,,,,,,,,,,,,,
94,,,,,,,,,,,,,,,
94,,,,,,,,,,,,,,,
94,,,,,,,,,,,,,,,
94,,,,,,,,,,,,,,,
94,,,,,,,,,,,,,,,
95,,,,,,,,,,,,,,,
95,,,,,,,,,,,,,,,
95,,,,,,,,,,,,,,,
95,,,,,,,,,,,,,,,
95,,,,,,,,,,,,,,,
96,,,,,,,,,,,,,,,
96,,,,,,,,,,,,,,,
96,,,,,,,,,,,,,,,
96,,,,,,,,,,,,,,,
96,,,,,,,,,,,,,,,
97,,,,,,,,,,,,,,,
97,,,,,,,,,,,,,,,
97,,,,,,,,,,,,,,,
97,,,,,,,,,,,,,,,
97,,,,,,,,,,,,,,,
98,,,,,,,,,,,,,,,
98,,,,,,,,,,,,,,,
98,,,,,,,,,,,,,,,
98,,,,,,,,,,,,,,,
98,,,,,,,,,,,,,,,
99,,,,,,,,,,,,,,,
99,,,,,,,,,,,,,,,
99,,,,,,,,,,,,,,,
99,,,,,,,,,,,,,,,
99,,,,,,,,,,,,,,,
100,,,,,,,,,,,,,,,
100,,,,,,,,,,,,,,,
100,,,,,,,,,,,,,,,
100,,,,,,,,,,,,,,,
100,,,,,,,,,,,,,,,
101,,,,,,,,,,,,,,,
101,,,,,,,,,,,,,,,
101,,,,,,,,,,,,,,,
101,,,,,,,,,,,,,,,
101,,,,,,,,,,,,,,,
102,,,,,,,,,,,,,,,
102,,,,,,,,,,,,,,,
102,,,,,,,,,,,,,,,
102,,,,,,,,,,,,,,,
102,,,,,,,,,,,,,,,
222,,,,,,,,,,,,,,,
222,,,,,,,,,,,,,,,
222,,,,,,,,,,,,,,,
222,,,,,,,,,,,,,,,
222,,,,,,,,,,,,,,,
223,,,,,,,,,,,,,,,
223,,,,,,,,,,,,,,,
223,,,,,,,,,,,,,,,
223,,,,,,,,,,,,,,,
223,,,,,,,,,,,,,,,
224,,,,,,,,,,,,,,,
224,,,,,,,,,,,,,,,
224,,,,,,,,,,,,,,,
224,,,,,,,,,,,,,,,
224,,,,,,,,,,,,,,,
225,,,,,,,,,,,,,,,
225,,,,,,,,,,,,,,,
225,,,,,,,,,,,,,,,
225,,,,,,,,,,,,,,,
225,,,,,,,,,,,,,,,
226,,,,,,,,,,,,,,,
226,,,,,,,,,,,,,,,
226,,,,,,,,,,,,,,,
226,,,,,,,,,,,,,,,
226,,,,,,,,,,,,,,,
279,,,,,,,,,,,,,,,
279,,,,,,,,,,,,,,,
279,,,,,,,,,,,,,,,
279,,,,,,,,,,,,,,,
279,,,,,,,,,,,,,,,
280,,,,,,,,,,,,,,,
280,,,,,,,,,,,,,,,
280,,,,,,,,,,,,,,,
280,,,,,,,,,,,,,,,
280,,,,,,,,,,,,,,,
281,,,,,,,,,,,,,,,
281,,,,,,,,,,,,,,,
281,,,,,,,,,,,,,,,
281,,,,,,,,,,,,,,,
281,,,,,,,,,,,,,,,
282,,,,,,,,,,,,,,,
282,,,,,,,,,,,,,,,
282,,,,,,,,,,,,,,,
282,,,,,,,,,,,,,,,
282,,,,,,,,,,,,,,,
283,,,,,,,,,,,,,,,
283,,,,,,,,,,,,,,,
283,,,,,,,,,,,,,,,
283,,,,,,,,,,,,,,,
283,,,,,,,,,,,,,,,
284,,,,,,,,,,,,,,,
284,,,,,,,,,,,,,,,
284,,,,,,,,,,,,,,,
284,,,,,,,,,,,,,,,
284,,,,,,,,,,,,,,,
285,,,,,,,,,,,,,,,
285,,,,,,,,,,,,,,,
285,,,,,,,,,,,,,,,
285,,,,,,,,,,,,,,,
285,,,,,,,,,,,,,,,
286,,,,,,,,,,,,,,,
286,,,,,,,,,,,,,,,
286,,,,,,,,,,,,,,,
286,,,,,,,,,,,,,,,
286,,,,,,,,,,,,,,,
287,,,,,,,,,,,,,,,
287,,,,,,,,,,,,,,,
287,,,,,,,,,,,,,,,
287,,,,,,,,,,,,,,,
287,,,,,,,,,,,,,,,
288,,,,,,,,,,,,,,,
288,,,,,,,,,,,,,,,
288,,,,,,,,,,,,,,,
288,,,,,,,,,,,,,,,
288,,,,,,,,,,,,,,,
289,,,,,,,,,,,,,,,
289,,,,,,,,,,,,,,,
289,,,,,,,,,,,,,,,
289,,,,,,,,,,,,,,,
289,,,,,,,,,,,,,,,
290,,,,,,,,,,,,,,,
290,,,,,,,,,,,,,,,
290,,,,,,,,,,,,,,,
290,,,,,,,,,,,,,,,
290,,,,,,,,,,,,,,,
291,,,,,,,,,,,,,,,
291,,,,,,,,,,,,,,,
291,,,,,,,,,,,,,,,
291,,,,,,,,,,,,,,,
291,,,,,,,,,,,,,,,
292,,,,,,,,,,,,,,,
292,,,,,,,,,,,,,,,
292,,,,,,,,,,,,,,,
292,,,,,,,,,,,,,,,
292,,,,,,,,,,,,,,,
293,,,,,,,,,,,,,,,
293,,,,,,,,,,,,,,,
293,,,,,,,,,,,,,,,
293,,,,,,,,,,,,,,,
293,,,,,,,,,,,,,,,
294,,,,,,,,,,,,,,,
294,,,,,,,,,,,,,,,
294,,,,,,,,,,,,,,,
294,,,,,,,,,,,,,,,
294,,,,,,,,,,,,,,,
295,,,,,,,,,,,,,,,
295,,,,,,,,,,,,,,,
295,,,,,,,,,,,,,,,
295,,,,,,,,,,,,,,,
295,,,,,,,,,,,,,,,
296,,,,,,,,,,,,,,,
296,,,,,,,,,,,,,,,
296,,,,,,,,,,,,,,,
296,,,,,,,,,,,,,,,
296,,,,,,,,,,,,,,,
297,,,,,,,,,,,,,,,
297,,,,,,,,,,,,,,,
297,,,,,,,,,,,,,,,
297,,,,,,,,,,,,,,,
297,,,,,,,,,,,,,,,
298,,,,,,,,,,,,,,,
298,,,,,,,,,,,,,,,
298,,,,,,,,,,,,,,,
298,,,,,,,,,,,,,,,
298,,,,,,,,,,,,,,,
300,,,,,,,,,,,,,,,
300,,,,,,,,,,,,,,,
300,,,,,,,,,,,,,,,
300,,,,,,,,,,,,,,,
300,,,,,,,,,,,,,,,
301,,,,,,,,,,,,,,,
301,,,,,,,,,,,,,,,
301,,,,,,,,,,,,,,,
301,,,,,,,,,,,,,,,
301,,,,,,,,,,,,,,,
302,,,,,,,,,,,,,,,
302,,,,,,,,,,,,,,,
302,,,,,,,,,,,,,,,
302,,,,,,,,,,,,,,,
302,,,,,,,,,,,,,,,
303,,,,,,,,,,,,,,,
303,,,,,,,,,,,,,,,
303,,,,,,,,,,,,,,,
303,,,,,,,,,,,,,,,
303,,,,,,,,,,,,,,,
304,,,,,,,,,,,,,,,
304,,,,,,,,,,,,,,,
304,,,,,,,,,,,,,,,
304,,,,,,,,,,,,,,,
304,,,,,,,,,,,,,,,
305,,,,,,,,,,,,,,,
305,,,,,,,,,,,,,,,
305,,,,,,,,,,,,,,,
305,,,,,,,,,,,,,,,
305,,,,,,,,,,,,,,,
306,,,,,,,,,,,,,,,
306,,,,,,,,,,,,,,,
306,,,,,,,,,,,,,,,
306,,,,,,,,,,,,,,,
306,,,,,,,,,,,,,,,
307,,,,,,,,,,,,,,,
307,,,,,,,,,,,,,,,
307,,,,,,,,,,,,,,,
307,,,,,,,,,,,,,,,
307,,,,,,,,,,,,,,,
308,,,,,,,,,,,,,,,
308,,,,,,,,,,,,,,,
308,,,,,,,,,,,,,,,
308,,,,,,,,,,,,,,,
308,,,,,,,,,,,,,,,
309,,,,,,,,,,,,,,,
309,,,,,,,,,,,,,,,
309,,,,,,,,,,,,,,,
309,,,,,,,,,,,,,,,
309,,,,,,,,,,,,,,,
310,,,,,,,,,,,,,,,
310,,,,,,,,,,,,,,,
310,,,,,,,,,,,,,,,
310,,,,,,,,,,,,,,,
310,,,,,,,,,,,,,,,
311,,,,,,,,,,,,,,,
311,,,,,,,,,,,,,,,
311,,,,,,,,,,,,,,,
311,,,,,,,,,,,,,,,
311,,,,,,,,,,,,,,,
312,,,,,,,,,,,,,,,
312,,,,,,,,,,,,,,,
312,,,,,,,,,,,,,,,
312,,,,,,,,,,,,,,,
312,,,,,,,,,,,,,,,
313,,,,,,,,,,,,,,,
313,,,,,,,,,,,,,,,
313,,,,,,,,,,,,,,,
313,,,,,,,,,,,,,,,
313,,,,,,,,,,,,,,,
314,,,,,,,,,,,,,,,
314,,,,,,,,,,,,,,,
314,,,,,,,,,,,,,,,
314,,,,,,,,,,,,,,,
314,,,,,,,,,,,,,,,
315,,,,,,,,,,,,,,,
315,,,,,,,,,,,,,,,
315,,,,,,,,,,,,,,,
315,,,,,,,,,,,,,,,
315,,,,,,,,,,,,,,,
316,,,,,,,,,,,,,,,
316,,,,,,,,,,,,,,,
316,,,,,,,,,,,,,,,
316,,,,,,,,,,,,,,,
316,,,,,,,,,,,,,,,
317,,,,,,,,,,,,,,,
317,,,,,,,,,,,,,,,
317,,,,,,,,,,,,,,,
317,,,,,,,,,,,,,,,
317,,,,,,,,,,,,,,,
318,,,,,,,,,,,,,,,
318,,,,,,,,,,,,,,,
318,,,,,,,,,,,,,,,
318,,,,,,,,,,,,,,,
318,,,,,,,,,,,,,,,
319,,,,,,,,,,,,,,,
319,,,,,,,,,,,,,,,
319,,,,,,,,,,,,,,,
319,,,,,,,,,,,,,,,
319,,,,,,,,,,,,,,,